dept_name,emp_no,gender,calender_year,from_date,to_date,Active_Working
Marketing,110022,M,1990,1995-12-30,1998-12-29,0
Marketing,110022,M,1991,1995-12-30,1998-12-29,0
Marketing,110022,M,1992,1995-12-30,1998-12-29,0
Marketing,110022,M,1993,1995-12-30,1998-12-29,0
Marketing,110022,M,1994,1995-12-30,1998-12-29,0
Marketing,110022,M,1995,1995-12-30,1998-12-29,1
Marketing,110022,M,1996,1995-12-30,1998-12-29,1
Marketing,110022,M,1997,1995-12-30,1998-12-29,1
Marketing,110022,M,1998,1995-12-30,1998-12-29,1
Marketing,110022,M,1999,1995-12-30,1998-12-29,0
Marketing,110022,M,2000,1995-12-30,1998-12-29,0
Marketing,110039,M,1990,1997-04-09,9999-01-01,0
Marketing,110039,M,1991,1997-04-09,9999-01-01,0
Marketing,110039,M,1992,1997-04-09,9999-01-01,0
Marketing,110039,M,1993,1997-04-09,9999-01-01,0
Marketing,110039,M,1994,1997-04-09,9999-01-01,0
Marketing,110039,M,1995,1997-04-09,9999-01-01,0
Marketing,110039,M,1996,1997-04-09,9999-01-01,0
Marketing,110039,M,1997,1997-04-09,9999-01-01,1
Marketing,110039,M,1998,1997-04-09,9999-01-01,1
Marketing,110039,M,1999,1997-04-09,9999-01-01,1
Marketing,110039,M,2000,1997-04-09,9999-01-01,1
Marketing,110040,M,1990,1991-12-31,1997-12-29,0
Marketing,110040,M,1991,1991-12-31,1997-12-29,1
Marketing,110040,M,1992,1991-12-31,1997-12-29,1
Marketing,110040,M,1993,1991-12-31,1997-12-29,1
Marketing,110040,M,1994,1991-12-31,1997-12-29,1
Marketing,110040,M,1995,1991-12-31,1997-12-29,1
Marketing,110040,M,1996,1991-12-31,1997-12-29,1
Marketing,110040,M,1997,1991-12-31,1997-12-29,1
Marketing,110040,M,1998,1991-12-31,1997-12-29,0
Marketing,110040,M,1999,1991-12-31,1997-12-29,0
Marketing,110040,M,2000,1991-12-31,1997-12-29,0
Marketing,110041,F,1990,1993-08-02,1998-08-01,0
Marketing,110041,F,1991,1993-08-02,1998-08-01,0
Marketing,110041,F,1992,1993-08-02,1998-08-01,0
Marketing,110041,F,1993,1993-08-02,1998-08-01,1
Marketing,110041,F,1994,1993-08-02,1998-08-01,1
Marketing,110041,F,1995,1993-08-02,1998-08-01,1
Marketing,110041,F,1996,1993-08-02,1998-08-01,1
Marketing,110041,F,1997,1993-08-02,1998-08-01,1
Marketing,110041,F,1998,1993-08-02,1998-08-01,1
Marketing,110041,F,1999,1993-08-02,1998-08-01,0
Marketing,110041,F,2000,1993-08-02,1998-08-01,0
Marketing,110042,M,1990,1993-12-30,2000-12-28,0
Marketing,110042,M,1991,1993-12-30,2000-12-28,0
Marketing,110042,M,1992,1993-12-30,2000-12-28,0
Marketing,110042,M,1993,1993-12-30,2000-12-28,1
Marketing,110042,M,1994,1993-12-30,2000-12-28,1
Marketing,110042,M,1995,1993-12-30,2000-12-28,1
Marketing,110042,M,1996,1993-12-30,2000-12-28,1
Marketing,110042,M,1997,1993-12-30,2000-12-28,1
Marketing,110042,M,1998,1993-12-30,2000-12-28,1
Marketing,110042,M,1999,1993-12-30,2000-12-28,1
Marketing,110042,M,2000,1993-12-30,2000-12-28,1
Marketing,110043,F,1990,1992-11-20,1997-11-19,0
Marketing,110043,F,1991,1992-11-20,1997-11-19,0
Marketing,110043,F,1992,1992-11-20,1997-11-19,1
Marketing,110043,F,1993,1992-11-20,1997-11-19,1
Marketing,110043,F,1994,1992-11-20,1997-11-19,1
Marketing,110043,F,1995,1992-11-20,1997-11-19,1
Marketing,110043,F,1996,1992-11-20,1997-11-19,1
Marketing,110043,F,1997,1992-11-20,1997-11-19,1
Marketing,110043,F,1998,1992-11-20,1997-11-19,0
Marketing,110043,F,1999,1992-11-20,1997-11-19,0
Marketing,110043,F,2000,1992-11-20,1997-11-19,0
Marketing,110044,F,1990,1995-10-13,2000-10-11,0
Marketing,110044,F,1991,1995-10-13,2000-10-11,0
Marketing,110044,F,1992,1995-10-13,2000-10-11,0
Marketing,110044,F,1993,1995-10-13,2000-10-11,0
Marketing,110044,F,1994,1995-10-13,2000-10-11,0
Marketing,110044,F,1995,1995-10-13,2000-10-11,1
Marketing,110044,F,1996,1995-10-13,2000-10-11,1
Marketing,110044,F,1997,1995-10-13,2000-10-11,1
Marketing,110044,F,1998,1995-10-13,2000-10-11,1
Marketing,110044,F,1999,1995-10-13,2000-10-11,1
Marketing,110044,F,2000,1995-10-13,2000-10-11,1
Marketing,110045,M,1990,1995-02-04,9999-01-01,0
Marketing,110045,M,1991,1995-02-04,9999-01-01,0
Marketing,110045,M,1992,1995-02-04,9999-01-01,0
Marketing,110045,M,1993,1995-02-04,9999-01-01,0
Marketing,110045,M,1994,1995-02-04,9999-01-01,0
Marketing,110045,M,1995,1995-02-04,9999-01-01,1
Marketing,110045,M,1996,1995-02-04,9999-01-01,1
Marketing,110045,M,1997,1995-02-04,9999-01-01,1
Marketing,110045,M,1998,1995-02-04,9999-01-01,1
Marketing,110045,M,1999,1995-02-04,9999-01-01,1
Marketing,110045,M,2000,1995-02-04,9999-01-01,1
Marketing,110046,F,1990,1996-12-29,2002-12-28,0
Marketing,110046,F,1991,1996-12-29,2002-12-28,0
Marketing,110046,F,1992,1996-12-29,2002-12-28,0
Marketing,110046,F,1993,1996-12-29,2002-12-28,0
Marketing,110046,F,1994,1996-12-29,2002-12-28,0
Marketing,110046,F,1995,1996-12-29,2002-12-28,0
Marketing,110046,F,1996,1996-12-29,2002-12-28,1
Marketing,110046,F,1997,1996-12-29,2002-12-28,1
Marketing,110046,F,1998,1996-12-29,2002-12-28,1
Marketing,110046,F,1999,1996-12-29,2002-12-28,1
Marketing,110046,F,2000,1996-12-29,2002-12-28,1
Marketing,110047,F,1990,1993-01-06,1999-01-05,0
Marketing,110047,F,1991,1993-01-06,1999-01-05,0
Marketing,110047,F,1992,1993-01-06,1999-01-05,0
Marketing,110047,F,1993,1993-01-06,1999-01-05,1
Marketing,110047,F,1994,1993-01-06,1999-01-05,1
Marketing,110047,F,1995,1993-01-06,1999-01-05,1
Marketing,110047,F,1996,1993-01-06,1999-01-05,1
Marketing,110047,F,1997,1993-01-06,1999-01-05,1
Marketing,110047,F,1998,1993-01-06,1999-01-05,1
Marketing,110047,F,1999,1993-01-06,1999-01-05,1
Marketing,110047,F,2000,1993-01-06,1999-01-05,0
Marketing,110048,M,1990,1994-08-10,1999-08-09,0
Marketing,110048,M,1991,1994-08-10,1999-08-09,0
Marketing,110048,M,1992,1994-08-10,1999-08-09,0
Marketing,110048,M,1993,1994-08-10,1999-08-09,0
Marketing,110048,M,1994,1994-08-10,1999-08-09,1
Marketing,110048,M,1995,1994-08-10,1999-08-09,1
Marketing,110048,M,1996,1994-08-10,1999-08-09,1
Marketing,110048,M,1997,1994-08-10,1999-08-09,1
Marketing,110048,M,1998,1994-08-10,1999-08-09,1
Marketing,110048,M,1999,1994-08-10,1999-08-09,1
Marketing,110048,M,2000,1994-08-10,1999-08-09,0
Marketing,110049,M,1990,1991-06-09,1999-06-07,0
Marketing,110049,M,1991,1991-06-09,1999-06-07,1
Marketing,110049,M,1992,1991-06-09,1999-06-07,1
Marketing,110049,M,1993,1991-06-09,1999-06-07,1
Marketing,110049,M,1994,1991-06-09,1999-06-07,1
Marketing,110049,M,1995,1991-06-09,1999-06-07,1
Marketing,110049,M,1996,1991-06-09,1999-06-07,1
Marketing,110049,M,1997,1991-06-09,1999-06-07,1
Marketing,110049,M,1998,1991-06-09,1999-06-07,1
Marketing,110049,M,1999,1991-06-09,1999-06-07,1
Marketing,110049,M,2000,1991-06-09,1999-06-07,0
Marketing,110050,F,1990,1998-05-29,2000-05-27,0
Marketing,110050,F,1991,1998-05-29,2000-05-27,0
Marketing,110050,F,1992,1998-05-29,2000-05-27,0
Marketing,110050,F,1993,1998-05-29,2000-05-27,0
Marketing,110050,F,1994,1998-05-29,2000-05-27,0
Marketing,110050,F,1995,1998-05-29,2000-05-27,0
Marketing,110050,F,1996,1998-05-29,2000-05-27,0
Marketing,110050,F,1997,1998-05-29,2000-05-27,0
Marketing,110050,F,1998,1998-05-29,2000-05-27,1
Marketing,110050,F,1999,1998-05-29,2000-05-27,1
Marketing,110050,F,2000,1998-05-29,2000-05-27,1
Marketing,110051,M,1990,1999-05-29,2000-05-27,0
Marketing,110051,M,1991,1999-05-29,2000-05-27,0
Marketing,110051,M,1992,1999-05-29,2000-05-27,0
Marketing,110051,M,1993,1999-05-29,2000-05-27,0
Marketing,110051,M,1994,1999-05-29,2000-05-27,0
Marketing,110051,M,1995,1999-05-29,2000-05-27,0
Marketing,110051,M,1996,1999-05-29,2000-05-27,0
Marketing,110051,M,1997,1999-05-29,2000-05-27,0
Marketing,110051,M,1998,1999-05-29,2000-05-27,0
Marketing,110051,M,1999,1999-05-29,2000-05-27,1
Marketing,110051,M,2000,1999-05-29,2000-05-27,1
Finance,110085,M,1990,1991-12-31,1998-12-29,0
Finance,110085,M,1991,1991-12-31,1998-12-29,1
Finance,110085,M,1992,1991-12-31,1998-12-29,1
Finance,110085,M,1993,1991-12-31,1998-12-29,1
Finance,110085,M,1994,1991-12-31,1998-12-29,1
Finance,110085,M,1995,1991-12-31,1998-12-29,1
Finance,110085,M,1996,1991-12-31,1998-12-29,1
Finance,110085,M,1997,1991-12-31,1998-12-29,1
Finance,110085,M,1998,1991-12-31,1998-12-29,1
Finance,110085,M,1999,1991-12-31,1998-12-29,0
Finance,110085,M,2000,1991-12-31,1998-12-29,0
Finance,110114,F,1990,1991-01-13,9999-01-01,0
Finance,110114,F,1991,1991-01-13,9999-01-01,1
Finance,110114,F,1992,1991-01-13,9999-01-01,1
Finance,110114,F,1993,1991-01-13,9999-01-01,1
Finance,110114,F,1994,1991-01-13,9999-01-01,1
Finance,110114,F,1995,1991-01-13,9999-01-01,1
Finance,110114,F,1996,1991-01-13,9999-01-01,1
Finance,110114,F,1997,1991-01-13,9999-01-01,1
Finance,110114,F,1998,1991-01-13,9999-01-01,1
Finance,110114,F,1999,1991-01-13,9999-01-01,1
Finance,110114,F,2000,1991-01-13,9999-01-01,1
Finance,110115,F,1990,1993-12-30,1999-12-29,0
Finance,110115,F,1991,1993-12-30,1999-12-29,0
Finance,110115,F,1992,1993-12-30,1999-12-29,0
Finance,110115,F,1993,1993-12-30,1999-12-29,1
Finance,110115,F,1994,1993-12-30,1999-12-29,1
Finance,110115,F,1995,1993-12-30,1999-12-29,1
Finance,110115,F,1996,1993-12-30,1999-12-29,1
Finance,110115,F,1997,1993-12-30,1999-12-29,1
Finance,110115,F,1998,1993-12-30,1999-12-29,1
Finance,110115,F,1999,1993-12-30,1999-12-29,1
Finance,110115,F,2000,1993-12-30,1999-12-29,0
Finance,110116,F,1990,1995-08-02,2000-07-31,0
Finance,110116,F,1991,1995-08-02,2000-07-31,0
Finance,110116,F,1992,1995-08-02,2000-07-31,0
Finance,110116,F,1993,1995-08-02,2000-07-31,0
Finance,110116,F,1994,1995-08-02,2000-07-31,0
Finance,110116,F,1995,1995-08-02,2000-07-31,1
Finance,110116,F,1996,1995-08-02,2000-07-31,1
Finance,110116,F,1997,1995-08-02,2000-07-31,1
Finance,110116,F,1998,1995-08-02,2000-07-31,1
Finance,110116,F,1999,1995-08-02,2000-07-31,1
Finance,110116,F,2000,1995-08-02,2000-07-31,1
Finance,110117,M,1990,1995-12-30,2002-12-28,0
Finance,110117,M,1991,1995-12-30,2002-12-28,0
Finance,110117,M,1992,1995-12-30,2002-12-28,0
Finance,110117,M,1993,1995-12-30,2002-12-28,0
Finance,110117,M,1994,1995-12-30,2002-12-28,0
Finance,110117,M,1995,1995-12-30,2002-12-28,1
Finance,110117,M,1996,1995-12-30,2002-12-28,1
Finance,110117,M,1997,1995-12-30,2002-12-28,1
Finance,110117,M,1998,1995-12-30,2002-12-28,1
Finance,110117,M,1999,1995-12-30,2002-12-28,1
Finance,110117,M,2000,1995-12-30,2002-12-28,1
Finance,110118,M,1990,1994-11-20,1999-11-19,0
Finance,110118,M,1991,1994-11-20,1999-11-19,0
Finance,110118,M,1992,1994-11-20,1999-11-19,0
Finance,110118,M,1993,1994-11-20,1999-11-19,0
Finance,110118,M,1994,1994-11-20,1999-11-19,1
Finance,110118,M,1995,1994-11-20,1999-11-19,1
Finance,110118,M,1996,1994-11-20,1999-11-19,1
Finance,110118,M,1997,1994-11-20,1999-11-19,1
Finance,110118,M,1998,1994-11-20,1999-11-19,1
Finance,110118,M,1999,1994-11-20,1999-11-19,1
Finance,110118,M,2000,1994-11-20,1999-11-19,0
Finance,110119,M,1990,1997-10-12,2002-10-11,0
Finance,110119,M,1991,1997-10-12,2002-10-11,0
Finance,110119,M,1992,1997-10-12,2002-10-11,0
Finance,110119,M,1993,1997-10-12,2002-10-11,0
Finance,110119,M,1994,1997-10-12,2002-10-11,0
Finance,110119,M,1995,1997-10-12,2002-10-11,0
Finance,110119,M,1996,1997-10-12,2002-10-11,0
Finance,110119,M,1997,1997-10-12,2002-10-11,1
Finance,110119,M,1998,1997-10-12,2002-10-11,1
Finance,110119,M,1999,1997-10-12,2002-10-11,1
Finance,110119,M,2000,1997-10-12,2002-10-11,1
Finance,110120,M,1990,1997-02-03,9999-01-01,0
Finance,110120,M,1991,1997-02-03,9999-01-01,0
Finance,110120,M,1992,1997-02-03,9999-01-01,0
Finance,110120,M,1993,1997-02-03,9999-01-01,0
Finance,110120,M,1994,1997-02-03,9999-01-01,0
Finance,110120,M,1995,1997-02-03,9999-01-01,0
Finance,110120,M,1996,1997-02-03,9999-01-01,0
Finance,110120,M,1997,1997-02-03,9999-01-01,1
Finance,110120,M,1998,1997-02-03,9999-01-01,1
Finance,110120,M,1999,1997-02-03,9999-01-01,1
Finance,110120,M,2000,1997-02-03,9999-01-01,1
Finance,110121,M,1990,1998-12-29,2004-12-27,0
Finance,110121,M,1991,1998-12-29,2004-12-27,0
Finance,110121,M,1992,1998-12-29,2004-12-27,0
Finance,110121,M,1993,1998-12-29,2004-12-27,0
Finance,110121,M,1994,1998-12-29,2004-12-27,0
Finance,110121,M,1995,1998-12-29,2004-12-27,0
Finance,110121,M,1996,1998-12-29,2004-12-27,0
Finance,110121,M,1997,1998-12-29,2004-12-27,0
Finance,110121,M,1998,1998-12-29,2004-12-27,1
Finance,110121,M,1999,1998-12-29,2004-12-27,1
Finance,110121,M,2000,1998-12-29,2004-12-27,1
Finance,110122,F,1990,1995-01-06,2001-01-04,0
Finance,110122,F,1991,1995-01-06,2001-01-04,0
Finance,110122,F,1992,1995-01-06,2001-01-04,0
Finance,110122,F,1993,1995-01-06,2001-01-04,0
Finance,110122,F,1994,1995-01-06,2001-01-04,0
Finance,110122,F,1995,1995-01-06,2001-01-04,1
Finance,110122,F,1996,1995-01-06,2001-01-04,1
Finance,110122,F,1997,1995-01-06,2001-01-04,1
Finance,110122,F,1998,1995-01-06,2001-01-04,1
Finance,110122,F,1999,1995-01-06,2001-01-04,1
Finance,110122,F,2000,1995-01-06,2001-01-04,1
Finance,110123,M,1990,1996-08-09,2001-08-08,0
Finance,110123,M,1991,1996-08-09,2001-08-08,0
Finance,110123,M,1992,1996-08-09,2001-08-08,0
Finance,110123,M,1993,1996-08-09,2001-08-08,0
Finance,110123,M,1994,1996-08-09,2001-08-08,0
Finance,110123,M,1995,1996-08-09,2001-08-08,0
Finance,110123,M,1996,1996-08-09,2001-08-08,1
Finance,110123,M,1997,1996-08-09,2001-08-08,1
Finance,110123,M,1998,1996-08-09,2001-08-08,1
Finance,110123,M,1999,1996-08-09,2001-08-08,1
Finance,110123,M,2000,1996-08-09,2001-08-08,1
Finance,110124,M,1990,1993-06-08,2001-06-06,0
Finance,110124,M,1991,1993-06-08,2001-06-06,0
Finance,110124,M,1992,1993-06-08,2001-06-06,0
Finance,110124,M,1993,1993-06-08,2001-06-06,1
Finance,110124,M,1994,1993-06-08,2001-06-06,1
Finance,110124,M,1995,1993-06-08,2001-06-06,1
Finance,110124,M,1996,1993-06-08,2001-06-06,1
Finance,110124,M,1997,1993-06-08,2001-06-06,1
Finance,110124,M,1998,1993-06-08,2001-06-06,1
Finance,110124,M,1999,1993-06-08,2001-06-06,1
Finance,110124,M,2000,1993-06-08,2001-06-06,1
Finance,110125,M,1990,1993-12-30,2000-12-28,0
Finance,110125,M,1991,1993-12-30,2000-12-28,0
Finance,110125,M,1992,1993-12-30,2000-12-28,0
Finance,110125,M,1993,1993-12-30,2000-12-28,1
Finance,110125,M,1994,1993-12-30,2000-12-28,1
Finance,110125,M,1995,1993-12-30,2000-12-28,1
Finance,110125,M,1996,1993-12-30,2000-12-28,1
Finance,110125,M,1997,1993-12-30,2000-12-28,1
Finance,110125,M,1998,1993-12-30,2000-12-28,1
Finance,110125,M,1999,1993-12-30,2000-12-28,1
Finance,110125,M,2000,1993-12-30,2000-12-28,1
Finance,110126,M,1990,1999-05-29,2000-05-27,0
Finance,110126,M,1991,1999-05-29,2000-05-27,0
Finance,110126,M,1992,1999-05-29,2000-05-27,0
Finance,110126,M,1993,1999-05-29,2000-05-27,0
Finance,110126,M,1994,1999-05-29,2000-05-27,0
Finance,110126,M,1995,1999-05-29,2000-05-27,0
Finance,110126,M,1996,1999-05-29,2000-05-27,0
Finance,110126,M,1997,1999-05-29,2000-05-27,0
Finance,110126,M,1998,1999-05-29,2000-05-27,0
Finance,110126,M,1999,1999-05-29,2000-05-27,1
Finance,110126,M,2000,1999-05-29,2000-05-27,1
Finance,110127,M,1990,2000-05-29,9999-01-01,0
Finance,110127,M,1991,2000-05-29,9999-01-01,0
Finance,110127,M,1992,2000-05-29,9999-01-01,0
Finance,110127,M,1993,2000-05-29,9999-01-01,0
Finance,110127,M,1994,2000-05-29,9999-01-01,0
Finance,110127,M,1995,2000-05-29,9999-01-01,0
Finance,110127,M,1996,2000-05-29,9999-01-01,0
Finance,110127,M,1997,2000-05-29,9999-01-01,0
Finance,110127,M,1998,2000-05-29,9999-01-01,0
Finance,110127,M,1999,2000-05-29,9999-01-01,0
Finance,110127,M,2000,2000-05-29,9999-01-01,1
"Human Resources",110183,F,1990,1990-12-31,1996-12-29,1
"Human Resources",110183,F,1991,1990-12-31,1996-12-29,1
"Human Resources",110183,F,1992,1990-12-31,1996-12-29,1
"Human Resources",110183,F,1993,1990-12-31,1996-12-29,1
"Human Resources",110183,F,1994,1990-12-31,1996-12-29,1
"Human Resources",110183,F,1995,1990-12-31,1996-12-29,1
"Human Resources",110183,F,1996,1990-12-31,1996-12-29,1
"Human Resources",110183,F,1997,1990-12-31,1996-12-29,0
"Human Resources",110183,F,1998,1990-12-31,1996-12-29,0
"Human Resources",110183,F,1999,1990-12-31,1996-12-29,0
"Human Resources",110183,F,2000,1990-12-31,1996-12-29,0
"Human Resources",110228,F,1990,1992-08-02,1997-08-01,0
"Human Resources",110228,F,1991,1992-08-02,1997-08-01,0
"Human Resources",110228,F,1992,1992-08-02,1997-08-01,1
"Human Resources",110228,F,1993,1992-08-02,1997-08-01,1
"Human Resources",110228,F,1994,1992-08-02,1997-08-01,1
"Human Resources",110228,F,1995,1992-08-02,1997-08-01,1
"Human Resources",110228,F,1996,1992-08-02,1997-08-01,1
"Human Resources",110228,F,1997,1992-08-02,1997-08-01,1
"Human Resources",110228,F,1998,1992-08-02,1997-08-01,0
"Human Resources",110228,F,1999,1992-08-02,1997-08-01,0
"Human Resources",110228,F,2000,1992-08-02,1997-08-01,0
"Human Resources",110229,M,1990,1994-11-25,2001-11-23,0
"Human Resources",110229,M,1991,1994-11-25,2001-11-23,0
"Human Resources",110229,M,1992,1994-11-25,2001-11-23,0
"Human Resources",110229,M,1993,1994-11-25,2001-11-23,0
"Human Resources",110229,M,1994,1994-11-25,2001-11-23,1
"Human Resources",110229,M,1995,1994-11-25,2001-11-23,1
"Human Resources",110229,M,1996,1994-11-25,2001-11-23,1
"Human Resources",110229,M,1997,1994-11-25,2001-11-23,1
"Human Resources",110229,M,1998,1994-11-25,2001-11-23,1
"Human Resources",110229,M,1999,1994-11-25,2001-11-23,1
"Human Resources",110229,M,2000,1994-11-25,2001-11-23,1
"Human Resources",110230,M,1990,1993-10-16,1998-10-15,0
"Human Resources",110230,M,1991,1993-10-16,1998-10-15,0
"Human Resources",110230,M,1992,1993-10-16,1998-10-15,0
"Human Resources",110230,M,1993,1993-10-16,1998-10-15,1
"Human Resources",110230,M,1994,1993-10-16,1998-10-15,1
"Human Resources",110230,M,1995,1993-10-16,1998-10-15,1
"Human Resources",110230,M,1996,1993-10-16,1998-10-15,1
"Human Resources",110230,M,1997,1993-10-16,1998-10-15,1
"Human Resources",110230,M,1998,1993-10-16,1998-10-15,1
"Human Resources",110230,M,1999,1993-10-16,1998-10-15,0
"Human Resources",110230,M,2000,1993-10-16,1998-10-15,0
"Human Resources",110231,M,1990,1996-09-07,2001-09-06,0
"Human Resources",110231,M,1991,1996-09-07,2001-09-06,0
"Human Resources",110231,M,1992,1996-09-07,2001-09-06,0
"Human Resources",110231,M,1993,1996-09-07,2001-09-06,0
"Human Resources",110231,M,1994,1996-09-07,2001-09-06,0
"Human Resources",110231,M,1995,1996-09-07,2001-09-06,0
"Human Resources",110231,M,1996,1996-09-07,2001-09-06,1
"Human Resources",110231,M,1997,1996-09-07,2001-09-06,1
"Human Resources",110231,M,1998,1996-09-07,2001-09-06,1
"Human Resources",110231,M,1999,1996-09-07,2001-09-06,1
"Human Resources",110231,M,2000,1996-09-07,2001-09-06,1
"Human Resources",110232,M,1990,1995-12-31,9999-01-01,0
"Human Resources",110232,M,1991,1995-12-31,9999-01-01,0
"Human Resources",110232,M,1992,1995-12-31,9999-01-01,0
"Human Resources",110232,M,1993,1995-12-31,9999-01-01,0
"Human Resources",110232,M,1994,1995-12-31,9999-01-01,0
"Human Resources",110232,M,1995,1995-12-31,9999-01-01,1
"Human Resources",110232,M,1996,1995-12-31,9999-01-01,1
"Human Resources",110232,M,1997,1995-12-31,9999-01-01,1
"Human Resources",110232,M,1998,1995-12-31,9999-01-01,1
"Human Resources",110232,M,1999,1995-12-31,9999-01-01,1
"Human Resources",110232,M,2000,1995-12-31,9999-01-01,1
"Human Resources",110233,M,1990,1997-11-24,2003-11-23,0
"Human Resources",110233,M,1991,1997-11-24,2003-11-23,0
"Human Resources",110233,M,1992,1997-11-24,2003-11-23,0
"Human Resources",110233,M,1993,1997-11-24,2003-11-23,0
"Human Resources",110233,M,1994,1997-11-24,2003-11-23,0
"Human Resources",110233,M,1995,1997-11-24,2003-11-23,0
"Human Resources",110233,M,1996,1997-11-24,2003-11-23,0
"Human Resources",110233,M,1997,1997-11-24,2003-11-23,1
"Human Resources",110233,M,1998,1997-11-24,2003-11-23,1
"Human Resources",110233,M,1999,1997-11-24,2003-11-23,1
"Human Resources",110233,M,2000,1997-11-24,2003-11-23,1
"Human Resources",110234,F,1990,1993-12-02,1999-12-01,0
"Human Resources",110234,F,1991,1993-12-02,1999-12-01,0
"Human Resources",110234,F,1992,1993-12-02,1999-12-01,0
"Human Resources",110234,F,1993,1993-12-02,1999-12-01,1
"Human Resources",110234,F,1994,1993-12-02,1999-12-01,1
"Human Resources",110234,F,1995,1993-12-02,1999-12-01,1
"Human Resources",110234,F,1996,1993-12-02,1999-12-01,1
"Human Resources",110234,F,1997,1993-12-02,1999-12-01,1
"Human Resources",110234,F,1998,1993-12-02,1999-12-01,1
"Human Resources",110234,F,1999,1993-12-02,1999-12-01,1
"Human Resources",110234,F,2000,1993-12-02,1999-12-01,0
"Human Resources",110235,M,1990,1995-07-06,2000-07-04,0
"Human Resources",110235,M,1991,1995-07-06,2000-07-04,0
"Human Resources",110235,M,1992,1995-07-06,2000-07-04,0
"Human Resources",110235,M,1993,1995-07-06,2000-07-04,0
"Human Resources",110235,M,1994,1995-07-06,2000-07-04,0
"Human Resources",110235,M,1995,1995-07-06,2000-07-04,1
"Human Resources",110235,M,1996,1995-07-06,2000-07-04,1
"Human Resources",110235,M,1997,1995-07-06,2000-07-04,1
"Human Resources",110235,M,1998,1995-07-06,2000-07-04,1
"Human Resources",110235,M,1999,1995-07-06,2000-07-04,1
"Human Resources",110235,M,2000,1995-07-06,2000-07-04,1
"Human Resources",110236,F,1990,1992-05-04,2000-05-02,0
"Human Resources",110236,F,1991,1992-05-04,2000-05-02,0
"Human Resources",110236,F,1992,1992-05-04,2000-05-02,1
"Human Resources",110236,F,1993,1992-05-04,2000-05-02,1
"Human Resources",110236,F,1994,1992-05-04,2000-05-02,1
"Human Resources",110236,F,1995,1992-05-04,2000-05-02,1
"Human Resources",110236,F,1996,1992-05-04,2000-05-02,1
"Human Resources",110236,F,1997,1992-05-04,2000-05-02,1
"Human Resources",110236,F,1998,1992-05-04,2000-05-02,1
"Human Resources",110236,F,1999,1992-05-04,2000-05-02,1
"Human Resources",110236,F,2000,1992-05-04,2000-05-02,1
"Human Resources",110237,M,1990,1992-10-01,2000-09-29,0
"Human Resources",110237,M,1991,1992-10-01,2000-09-29,0
"Human Resources",110237,M,1992,1992-10-01,2000-09-29,1
"Human Resources",110237,M,1993,1992-10-01,2000-09-29,1
"Human Resources",110237,M,1994,1992-10-01,2000-09-29,1
"Human Resources",110237,M,1995,1992-10-01,2000-09-29,1
"Human Resources",110237,M,1996,1992-10-01,2000-09-29,1
"Human Resources",110237,M,1997,1992-10-01,2000-09-29,1
"Human Resources",110237,M,1998,1992-10-01,2000-09-29,1
"Human Resources",110237,M,1999,1992-10-01,2000-09-29,1
"Human Resources",110237,M,2000,1992-10-01,2000-09-29,1
"Human Resources",110238,F,1990,1994-05-15,2000-05-27,0
"Human Resources",110238,F,1991,1994-05-15,2000-05-27,0
"Human Resources",110238,F,1992,1994-05-15,2000-05-27,0
"Human Resources",110238,F,1993,1994-05-15,2000-05-27,0
"Human Resources",110238,F,1994,1994-05-15,2000-05-27,1
"Human Resources",110238,F,1995,1994-05-15,2000-05-27,1
"Human Resources",110238,F,1996,1994-05-15,2000-05-27,1
"Human Resources",110238,F,1997,1994-05-15,2000-05-27,1
"Human Resources",110238,F,1998,1994-05-15,2000-05-27,1
"Human Resources",110238,F,1999,1994-05-15,2000-05-27,1
"Human Resources",110238,F,2000,1994-05-15,2000-05-27,1
"Human Resources",110239,M,1990,1997-05-29,2000-05-27,0
"Human Resources",110239,M,1991,1997-05-29,2000-05-27,0
"Human Resources",110239,M,1992,1997-05-29,2000-05-27,0
"Human Resources",110239,M,1993,1997-05-29,2000-05-27,0
"Human Resources",110239,M,1994,1997-05-29,2000-05-27,0
"Human Resources",110239,M,1995,1997-05-29,2000-05-27,0
"Human Resources",110239,M,1996,1997-05-29,2000-05-27,0
"Human Resources",110239,M,1997,1997-05-29,2000-05-27,1
"Human Resources",110239,M,1998,1997-05-29,2000-05-27,1
"Human Resources",110239,M,1999,1997-05-29,2000-05-27,1
"Human Resources",110239,M,2000,1997-05-29,2000-05-27,1
"Human Resources",110240,F,1990,2000-05-29,9999-01-01,0
"Human Resources",110240,F,1991,2000-05-29,9999-01-01,0
"Human Resources",110240,F,1992,2000-05-29,9999-01-01,0
"Human Resources",110240,F,1993,2000-05-29,9999-01-01,0
"Human Resources",110240,F,1994,2000-05-29,9999-01-01,0
"Human Resources",110240,F,1995,2000-05-29,9999-01-01,0
"Human Resources",110240,F,1996,2000-05-29,9999-01-01,0
"Human Resources",110240,F,1997,2000-05-29,9999-01-01,0
"Human Resources",110240,F,1998,2000-05-29,9999-01-01,0
"Human Resources",110240,F,1999,2000-05-29,9999-01-01,0
"Human Resources",110240,F,2000,2000-05-29,9999-01-01,1
Production,110303,F,1990,1992-12-30,1999-12-29,0
Production,110303,F,1991,1992-12-30,1999-12-29,0
Production,110303,F,1992,1992-12-30,1999-12-29,1
Production,110303,F,1993,1992-12-30,1999-12-29,1
Production,110303,F,1994,1992-12-30,1999-12-29,1
Production,110303,F,1995,1992-12-30,1999-12-29,1
Production,110303,F,1996,1992-12-30,1999-12-29,1
Production,110303,F,1997,1992-12-30,1999-12-29,1
Production,110303,F,1998,1992-12-30,1999-12-29,1
Production,110303,F,1999,1992-12-30,1999-12-29,1
Production,110303,F,2000,1992-12-30,1999-12-29,0
Production,110344,F,1990,1991-11-21,1996-11-19,0
Production,110344,F,1991,1991-11-21,1996-11-19,1
Production,110344,F,1992,1991-11-21,1996-11-19,1
Production,110344,F,1993,1991-11-21,1996-11-19,1
Production,110344,F,1994,1991-11-21,1996-11-19,1
Production,110344,F,1995,1991-11-21,1996-11-19,1
Production,110344,F,1996,1991-11-21,1996-11-19,1
Production,110344,F,1997,1991-11-21,1996-11-19,0
Production,110344,F,1998,1991-11-21,1996-11-19,0
Production,110344,F,1999,1991-11-21,1996-11-19,0
Production,110344,F,2000,1991-11-21,1996-11-19,0
Production,110386,M,1990,1994-10-13,1999-10-12,0
Production,110386,M,1991,1994-10-13,1999-10-12,0
Production,110386,M,1992,1994-10-13,1999-10-12,0
Production,110386,M,1993,1994-10-13,1999-10-12,0
Production,110386,M,1994,1994-10-13,1999-10-12,1
Production,110386,M,1995,1994-10-13,1999-10-12,1
Production,110386,M,1996,1994-10-13,1999-10-12,1
Production,110386,M,1997,1994-10-13,1999-10-12,1
Production,110386,M,1998,1994-10-13,1999-10-12,1
Production,110386,M,1999,1994-10-13,1999-10-12,1
Production,110386,M,2000,1994-10-13,1999-10-12,0
Production,110420,M,1990,1994-02-04,9999-01-01,0
Production,110420,M,1991,1994-02-04,9999-01-01,0
Production,110420,M,1992,1994-02-04,9999-01-01,0
Production,110420,M,1993,1994-02-04,9999-01-01,0
Production,110420,M,1994,1994-02-04,9999-01-01,1
Production,110420,M,1995,1994-02-04,9999-01-01,1
Production,110420,M,1996,1994-02-04,9999-01-01,1
Production,110420,M,1997,1994-02-04,9999-01-01,1
Production,110420,M,1998,1994-02-04,9999-01-01,1
Production,110420,M,1999,1994-02-04,9999-01-01,1
Production,110420,M,2000,1994-02-04,9999-01-01,1
Production,110421,M,1990,1991-01-30,1996-06-07,0
Production,110421,M,1991,1991-01-30,1996-06-07,1
Production,110421,M,1992,1991-01-30,1996-06-07,1
Production,110421,M,1993,1991-01-30,1996-06-07,1
Production,110421,M,1994,1991-01-30,1996-06-07,1
Production,110421,M,1995,1991-01-30,1996-06-07,1
Production,110421,M,1996,1991-01-30,1996-06-07,1
Production,110421,M,1997,1991-01-30,1996-06-07,0
Production,110421,M,1998,1991-01-30,1996-06-07,0
Production,110421,M,1999,1991-01-30,1996-06-07,0
Production,110421,M,2000,1991-01-30,1996-06-07,0
Production,110422,M,1990,1990-03-11,1993-07-18,1
Production,110422,M,1991,1990-03-11,1993-07-18,1
Production,110422,M,1992,1990-03-11,1993-07-18,1
Production,110422,M,1993,1990-03-11,1993-07-18,1
Production,110422,M,1994,1990-03-11,1993-07-18,0
Production,110422,M,1995,1990-03-11,1993-07-18,0
Production,110422,M,1996,1990-03-11,1993-07-18,0
Production,110422,M,1997,1990-03-11,1993-07-18,0
Production,110422,M,1998,1990-03-11,1993-07-18,0
Production,110422,M,1999,1990-03-11,1993-07-18,0
Production,110422,M,2000,1990-03-11,1993-07-18,0
Production,110423,M,1990,1991-03-23,1996-03-21,0
Production,110423,M,1991,1991-03-23,1996-03-21,1
Production,110423,M,1992,1991-03-23,1996-03-21,1
Production,110423,M,1993,1991-03-23,1996-03-21,1
Production,110423,M,1994,1991-03-23,1996-03-21,1
Production,110423,M,1995,1991-03-23,1996-03-21,1
Production,110423,M,1996,1991-03-23,1996-03-21,1
Production,110423,M,1997,1991-03-23,1996-03-21,0
Production,110423,M,1998,1991-03-23,1996-03-21,0
Production,110423,M,1999,1991-03-23,1996-03-21,0
Production,110423,M,2000,1991-03-23,1996-03-21,0
Production,110424,M,1990,1990-07-15,1992-02-11,1
Production,110424,M,1991,1990-07-15,1992-02-11,1
Production,110424,M,1992,1990-07-15,1992-02-11,1
Production,110424,M,1993,1990-07-15,1992-02-11,0
Production,110424,M,1994,1990-07-15,1992-02-11,0
Production,110424,M,1995,1990-07-15,1992-02-11,0
Production,110424,M,1996,1990-07-15,1992-02-11,0
Production,110424,M,1997,1990-07-15,1992-02-11,0
Production,110424,M,1998,1990-07-15,1992-02-11,0
Production,110424,M,1999,1990-07-15,1992-02-11,0
Production,110424,M,2000,1990-07-15,1992-02-11,0
Production,110425,M,1990,1992-12-30,2001-12-28,0
Production,110425,M,1991,1992-12-30,2001-12-28,0
Production,110425,M,1992,1992-12-30,2001-12-28,1
Production,110425,M,1993,1992-12-30,2001-12-28,1
Production,110425,M,1994,1992-12-30,2001-12-28,1
Production,110425,M,1995,1992-12-30,2001-12-28,1
Production,110425,M,1996,1992-12-30,2001-12-28,1
Production,110425,M,1997,1992-12-30,2001-12-28,1
Production,110425,M,1998,1992-12-30,2001-12-28,1
Production,110425,M,1999,1992-12-30,2001-12-28,1
Production,110425,M,2000,1992-12-30,2001-12-28,1
Production,110426,M,1990,1993-04-25,1998-10-18,0
Production,110426,M,1991,1993-04-25,1998-10-18,0
Production,110426,M,1992,1993-04-25,1998-10-18,0
Production,110426,M,1993,1993-04-25,1998-10-18,1
Production,110426,M,1994,1993-04-25,1998-10-18,1
Production,110426,M,1995,1993-04-25,1998-10-18,1
Production,110426,M,1996,1993-04-25,1998-10-18,1
Production,110426,M,1997,1993-04-25,1998-10-18,1
Production,110426,M,1998,1993-04-25,1998-10-18,1
Production,110426,M,1999,1993-04-25,1998-10-18,0
Production,110426,M,2000,1993-04-25,1998-10-18,0
Production,110427,M,1990,1993-03-30,1998-03-29,0
Production,110427,M,1991,1993-03-30,1998-03-29,0
Production,110427,M,1992,1993-03-30,1998-03-29,0
Production,110427,M,1993,1993-03-30,1998-03-29,1
Production,110427,M,1994,1993-03-30,1998-03-29,1
Production,110427,M,1995,1993-03-30,1998-03-29,1
Production,110427,M,1996,1993-03-30,1998-03-29,1
Production,110427,M,1997,1993-03-30,1998-03-29,1
Production,110427,M,1998,1993-03-30,1998-03-29,1
Production,110427,M,1999,1993-03-30,1998-03-29,0
Production,110427,M,2000,1993-03-30,1998-03-29,0
Production,110428,M,1990,1996-02-20,2001-02-18,0
Production,110428,M,1991,1996-02-20,2001-02-18,0
Production,110428,M,1992,1996-02-20,2001-02-18,0
Production,110428,M,1993,1996-02-20,2001-02-18,0
Production,110428,M,1994,1996-02-20,2001-02-18,0
Production,110428,M,1995,1996-02-20,2001-02-18,0
Production,110428,M,1996,1996-02-20,2001-02-18,1
Production,110428,M,1997,1996-02-20,2001-02-18,1
Production,110428,M,1998,1996-02-20,2001-02-18,1
Production,110428,M,1999,1996-02-20,2001-02-18,1
Production,110428,M,2000,1996-02-20,2001-02-18,1
Production,110429,F,1990,1995-06-14,2004-12-27,0
Production,110429,F,1991,1995-06-14,2004-12-27,0
Production,110429,F,1992,1995-06-14,2004-12-27,0
Production,110429,F,1993,1995-06-14,2004-12-27,0
Production,110429,F,1994,1995-06-14,2004-12-27,0
Production,110429,F,1995,1995-06-14,2004-12-27,1
Production,110429,F,1996,1995-06-14,2004-12-27,1
Production,110429,F,1997,1995-06-14,2004-12-27,1
Production,110429,F,1998,1995-06-14,2004-12-27,1
Production,110429,F,1999,1995-06-14,2004-12-27,1
Production,110429,F,2000,1995-06-14,2004-12-27,1
Production,110430,M,1990,1998-05-29,2000-05-27,0
Production,110430,M,1991,1998-05-29,2000-05-27,0
Production,110430,M,1992,1998-05-29,2000-05-27,0
Production,110430,M,1993,1998-05-29,2000-05-27,0
Production,110430,M,1994,1998-05-29,2000-05-27,0
Production,110430,M,1995,1998-05-29,2000-05-27,0
Production,110430,M,1996,1998-05-29,2000-05-27,0
Production,110430,M,1997,1998-05-29,2000-05-27,0
Production,110430,M,1998,1998-05-29,2000-05-27,1
Production,110430,M,1999,1998-05-29,2000-05-27,1
Production,110430,M,2000,1998-05-29,2000-05-27,1
Development,110511,M,1990,1991-12-31,2000-12-28,0
Development,110511,M,1991,1991-12-31,2000-12-28,1
Development,110511,M,1992,1991-12-31,2000-12-28,1
Development,110511,M,1993,1991-12-31,2000-12-28,1
Development,110511,M,1994,1991-12-31,2000-12-28,1
Development,110511,M,1995,1991-12-31,2000-12-28,1
Development,110511,M,1996,1991-12-31,2000-12-28,1
Development,110511,M,1997,1991-12-31,2000-12-28,1
Development,110511,M,1998,1991-12-31,2000-12-28,1
Development,110511,M,1999,1991-12-31,2000-12-28,1
Development,110511,M,2000,1991-12-31,2000-12-28,1
Development,110567,F,1990,1992-04-25,1997-10-18,0
Development,110567,F,1991,1992-04-25,1997-10-18,0
Development,110567,F,1992,1992-04-25,1997-10-18,1
Development,110567,F,1993,1992-04-25,1997-10-18,1
Development,110567,F,1994,1992-04-25,1997-10-18,1
Development,110567,F,1995,1992-04-25,1997-10-18,1
Development,110567,F,1996,1992-04-25,1997-10-18,1
Development,110567,F,1997,1992-04-25,1997-10-18,1
Development,110567,F,1998,1992-04-25,1997-10-18,0
Development,110567,F,1999,1992-04-25,1997-10-18,0
Development,110567,F,2000,1992-04-25,1997-10-18,0
Development,110568,M,1990,1990-01-05,2003-08-20,1
Development,110568,M,1991,1990-01-05,2003-08-20,1
Development,110568,M,1992,1990-01-05,2003-08-20,1
Development,110568,M,1993,1990-01-05,2003-08-20,1
Development,110568,M,1994,1990-01-05,2003-08-20,1
Development,110568,M,1995,1990-01-05,2003-08-20,1
Development,110568,M,1996,1990-01-05,2003-08-20,1
Development,110568,M,1997,1990-01-05,2003-08-20,1
Development,110568,M,1998,1990-01-05,2003-08-20,1
Development,110568,M,1999,1990-01-05,2003-08-20,1
Development,110568,M,2000,1990-01-05,2003-08-20,1
Development,110569,M,1990,1994-10-03,1998-10-02,0
Development,110569,M,1991,1994-10-03,1998-10-02,0
Development,110569,M,1992,1994-10-03,1998-10-02,0
Development,110569,M,1993,1994-10-03,1998-10-02,0
Development,110569,M,1994,1994-10-03,1998-10-02,1
Development,110569,M,1995,1994-10-03,1998-10-02,1
Development,110569,M,1996,1994-10-03,1998-10-02,1
Development,110569,M,1997,1994-10-03,1998-10-02,1
Development,110569,M,1998,1994-10-03,1998-10-02,1
Development,110569,M,1999,1994-10-03,1998-10-02,0
Development,110569,M,2000,1994-10-03,1998-10-02,0
Development,110570,F,1990,1997-04-07,2001-04-06,0
Development,110570,F,1991,1997-04-07,2001-04-06,0
Development,110570,F,1992,1997-04-07,2001-04-06,0
Development,110570,F,1993,1997-04-07,2001-04-06,0
Development,110570,F,1994,1997-04-07,2001-04-06,0
Development,110570,F,1995,1997-04-07,2001-04-06,0
Development,110570,F,1996,1997-04-07,2001-04-06,0
Development,110570,F,1997,1997-04-07,2001-04-06,1
Development,110570,F,1998,1997-04-07,2001-04-06,1
Development,110570,F,1999,1997-04-07,2001-04-06,1
Development,110570,F,2000,1997-04-07,2001-04-06,1
Development,110571,M,1990,1999-02-28,9999-01-01,0
Development,110571,M,1991,1999-02-28,9999-01-01,0
Development,110571,M,1992,1999-02-28,9999-01-01,0
Development,110571,M,1993,1999-02-28,9999-01-01,0
Development,110571,M,1994,1999-02-28,9999-01-01,0
Development,110571,M,1995,1999-02-28,9999-01-01,0
Development,110571,M,1996,1999-02-28,9999-01-01,0
Development,110571,M,1997,1999-02-28,9999-01-01,0
Development,110571,M,1998,1999-02-28,9999-01-01,0
Development,110571,M,1999,1999-02-28,9999-01-01,1
Development,110571,M,2000,1999-02-28,9999-01-01,1
Development,110572,M,1990,1993-02-20,1998-02-19,0
Development,110572,M,1991,1993-02-20,1998-02-19,0
Development,110572,M,1992,1993-02-20,1998-02-19,0
Development,110572,M,1993,1993-02-20,1998-02-19,1
Development,110572,M,1994,1993-02-20,1998-02-19,1
Development,110572,M,1995,1993-02-20,1998-02-19,1
Development,110572,M,1996,1993-02-20,1998-02-19,1
Development,110572,M,1997,1993-02-20,1998-02-19,1
Development,110572,M,1998,1993-02-20,1998-02-19,1
Development,110572,M,1999,1993-02-20,1998-02-19,0
Development,110572,M,2000,1993-02-20,1998-02-19,0
Development,110573,M,1990,1992-06-14,1994-01-11,0
Development,110573,M,1991,1992-06-14,1994-01-11,0
Development,110573,M,1992,1992-06-14,1994-01-11,1
Development,110573,M,1993,1992-06-14,1994-01-11,1
Development,110573,M,1994,1992-06-14,1994-01-11,1
Development,110573,M,1995,1992-06-14,1994-01-11,0
Development,110573,M,1996,1992-06-14,1994-01-11,0
Development,110573,M,1997,1992-06-14,1994-01-11,0
Development,110573,M,1998,1992-06-14,1994-01-11,0
Development,110573,M,1999,1992-06-14,1994-01-11,0
Development,110573,M,2000,1992-06-14,1994-01-11,0
Development,110574,F,1990,1994-11-30,2003-11-28,0
Development,110574,F,1991,1994-11-30,2003-11-28,0
Development,110574,F,1992,1994-11-30,2003-11-28,0
Development,110574,F,1993,1994-11-30,2003-11-28,0
Development,110574,F,1994,1994-11-30,2003-11-28,1
Development,110574,F,1995,1994-11-30,2003-11-28,1
Development,110574,F,1996,1994-11-30,2003-11-28,1
Development,110574,F,1997,1994-11-30,2003-11-28,1
Development,110574,F,1998,1994-11-30,2003-11-28,1
Development,110574,F,1999,1994-11-30,2003-11-28,1
Development,110574,F,2000,1994-11-30,2003-11-28,1
Development,110575,F,1990,1995-03-26,2000-09-17,0
Development,110575,F,1991,1995-03-26,2000-09-17,0
Development,110575,F,1992,1995-03-26,2000-09-17,0
Development,110575,F,1993,1995-03-26,2000-09-17,0
Development,110575,F,1994,1995-03-26,2000-09-17,0
Development,110575,F,1995,1995-03-26,2000-09-17,1
Development,110575,F,1996,1995-03-26,2000-09-17,1
Development,110575,F,1997,1995-03-26,2000-09-17,1
Development,110575,F,1998,1995-03-26,2000-09-17,1
Development,110575,F,1999,1995-03-26,2000-09-17,1
Development,110575,F,2000,1995-03-26,2000-09-17,1
Development,110576,M,1990,1995-02-28,2000-02-27,0
Development,110576,M,1991,1995-02-28,2000-02-27,0
Development,110576,M,1992,1995-02-28,2000-02-27,0
Development,110576,M,1993,1995-02-28,2000-02-27,0
Development,110576,M,1994,1995-02-28,2000-02-27,0
Development,110576,M,1995,1995-02-28,2000-02-27,1
Development,110576,M,1996,1995-02-28,2000-02-27,1
Development,110576,M,1997,1995-02-28,2000-02-27,1
Development,110576,M,1998,1995-02-28,2000-02-27,1
Development,110576,M,1999,1995-02-28,2000-02-27,1
Development,110576,M,2000,1995-02-28,2000-02-27,1
Development,110577,F,1990,1992-01-29,1996-09-27,0
Development,110577,F,1991,1992-01-29,1996-09-27,0
Development,110577,F,1992,1992-01-29,1996-09-27,1
Development,110577,F,1993,1992-01-29,1996-09-27,1
Development,110577,F,1994,1992-01-29,1996-09-27,1
Development,110577,F,1995,1992-01-29,1996-09-27,1
Development,110577,F,1996,1992-01-29,1996-09-27,1
Development,110577,F,1997,1992-01-29,1996-09-27,0
Development,110577,F,1998,1992-01-29,1996-09-27,0
Development,110577,F,1999,1992-01-29,1996-09-27,0
Development,110577,F,2000,1992-01-29,1996-09-27,0
Development,110578,F,1990,1999-03-12,2000-01-21,0
Development,110578,F,1991,1999-03-12,2000-01-21,0
Development,110578,F,1992,1999-03-12,2000-01-21,0
Development,110578,F,1993,1999-03-12,2000-01-21,0
Development,110578,F,1994,1999-03-12,2000-01-21,0
Development,110578,F,1995,1999-03-12,2000-01-21,0
Development,110578,F,1996,1999-03-12,2000-01-21,0
Development,110578,F,1997,1999-03-12,2000-01-21,0
Development,110578,F,1998,1999-03-12,2000-01-21,0
Development,110578,F,1999,1999-03-12,2000-01-21,1
Development,110578,F,2000,1999-03-12,2000-01-21,1
Development,110579,F,1990,1998-05-29,9999-01-01,0
Development,110579,F,1991,1998-05-29,9999-01-01,0
Development,110579,F,1992,1998-05-29,9999-01-01,0
Development,110579,F,1993,1998-05-29,9999-01-01,0
Development,110579,F,1994,1998-05-29,9999-01-01,0
Development,110579,F,1995,1998-05-29,9999-01-01,0
Development,110579,F,1996,1998-05-29,9999-01-01,0
Development,110579,F,1997,1998-05-29,9999-01-01,0
Development,110579,F,1998,1998-05-29,9999-01-01,1
Development,110579,F,1999,1998-05-29,9999-01-01,1
Development,110579,F,2000,1998-05-29,9999-01-01,1
"Quality Management",110725,F,1990,1995-12-30,2001-12-28,0
"Quality Management",110725,F,1991,1995-12-30,2001-12-28,0
"Quality Management",110725,F,1992,1995-12-30,2001-12-28,0
"Quality Management",110725,F,1993,1995-12-30,2001-12-28,0
"Quality Management",110725,F,1994,1995-12-30,2001-12-28,0
"Quality Management",110725,F,1995,1995-12-30,2001-12-28,1
"Quality Management",110725,F,1996,1995-12-30,2001-12-28,1
"Quality Management",110725,F,1997,1995-12-30,2001-12-28,1
"Quality Management",110725,F,1998,1995-12-30,2001-12-28,1
"Quality Management",110725,F,1999,1995-12-30,2001-12-28,1
"Quality Management",110725,F,2000,1995-12-30,2001-12-28,1
"Quality Management",110765,F,1990,1992-01-07,1998-01-05,0
"Quality Management",110765,F,1991,1992-01-07,1998-01-05,0
"Quality Management",110765,F,1992,1992-01-07,1998-01-05,1
"Quality Management",110765,F,1993,1992-01-07,1998-01-05,1
"Quality Management",110765,F,1994,1992-01-07,1998-01-05,1
"Quality Management",110765,F,1995,1992-01-07,1998-01-05,1
"Quality Management",110765,F,1996,1992-01-07,1998-01-05,1
"Quality Management",110765,F,1997,1992-01-07,1998-01-05,1
"Quality Management",110765,F,1998,1992-01-07,1998-01-05,1
"Quality Management",110765,F,1999,1992-01-07,1998-01-05,0
"Quality Management",110765,F,2000,1992-01-07,1998-01-05,0
"Quality Management",110800,F,1990,1993-08-10,1998-08-09,0
"Quality Management",110800,F,1991,1993-08-10,1998-08-09,0
"Quality Management",110800,F,1992,1993-08-10,1998-08-09,0
"Quality Management",110800,F,1993,1993-08-10,1998-08-09,1
"Quality Management",110800,F,1994,1993-08-10,1998-08-09,1
"Quality Management",110800,F,1995,1993-08-10,1998-08-09,1
"Quality Management",110800,F,1996,1993-08-10,1998-08-09,1
"Quality Management",110800,F,1997,1993-08-10,1998-08-09,1
"Quality Management",110800,F,1998,1993-08-10,1998-08-09,1
"Quality Management",110800,F,1999,1993-08-10,1998-08-09,0
"Quality Management",110800,F,2000,1993-08-10,1998-08-09,0
"Quality Management",110854,M,1990,1990-06-09,1998-06-07,1
"Quality Management",110854,M,1991,1990-06-09,1998-06-07,1
"Quality Management",110854,M,1992,1990-06-09,1998-06-07,1
"Quality Management",110854,M,1993,1990-06-09,1998-06-07,1
"Quality Management",110854,M,1994,1990-06-09,1998-06-07,1
"Quality Management",110854,M,1995,1990-06-09,1998-06-07,1
"Quality Management",110854,M,1996,1990-06-09,1998-06-07,1
"Quality Management",110854,M,1997,1990-06-09,1998-06-07,1
"Quality Management",110854,M,1998,1990-06-09,1998-06-07,1
"Quality Management",110854,M,1999,1990-06-09,1998-06-07,0
"Quality Management",110854,M,2000,1990-06-09,1998-06-07,0
"Quality Management",110855,M,1990,1994-05-14,2000-05-12,0
"Quality Management",110855,M,1991,1994-05-14,2000-05-12,0
"Quality Management",110855,M,1992,1994-05-14,2000-05-12,0
"Quality Management",110855,M,1993,1994-05-14,2000-05-12,0
"Quality Management",110855,M,1994,1994-05-14,2000-05-12,1
"Quality Management",110855,M,1995,1994-05-14,2000-05-12,1
"Quality Management",110855,M,1996,1994-05-14,2000-05-12,1
"Quality Management",110855,M,1997,1994-05-14,2000-05-12,1
"Quality Management",110855,M,1998,1994-05-14,2000-05-12,1
"Quality Management",110855,M,1999,1994-05-14,2000-05-12,1
"Quality Management",110855,M,2000,1994-05-14,2000-05-12,1
"Quality Management",110856,F,1990,1993-05-12,1998-05-11,0
"Quality Management",110856,F,1991,1993-05-12,1998-05-11,0
"Quality Management",110856,F,1992,1993-05-12,1998-05-11,0
"Quality Management",110856,F,1993,1993-05-12,1998-05-11,1
"Quality Management",110856,F,1994,1993-05-12,1998-05-11,1
"Quality Management",110856,F,1995,1993-05-12,1998-05-11,1
"Quality Management",110856,F,1996,1993-05-12,1998-05-11,1
"Quality Management",110856,F,1997,1993-05-12,1998-05-11,1
"Quality Management",110856,F,1998,1993-05-12,1998-05-11,1
"Quality Management",110856,F,1999,1993-05-12,1998-05-11,0
"Quality Management",110856,F,2000,1993-05-12,1998-05-11,0
"Quality Management",110857,M,1990,1991-03-04,1996-03-02,0
"Quality Management",110857,M,1991,1991-03-04,1996-03-02,1
"Quality Management",110857,M,1992,1991-03-04,1996-03-02,1
"Quality Management",110857,M,1993,1991-03-04,1996-03-02,1
"Quality Management",110857,M,1994,1991-03-04,1996-03-02,1
"Quality Management",110857,M,1995,1991-03-04,1996-03-02,1
"Quality Management",110857,M,1996,1991-03-04,1996-03-02,1
"Quality Management",110857,M,1997,1991-03-04,1996-03-02,0
"Quality Management",110857,M,1998,1991-03-04,1996-03-02,0
"Quality Management",110857,M,1999,1991-03-04,1996-03-02,0
"Quality Management",110857,M,2000,1991-03-04,1996-03-02,0
"Quality Management",110858,M,1990,1990-06-27,1995-06-26,1
"Quality Management",110858,M,1991,1990-06-27,1995-06-26,1
"Quality Management",110858,M,1992,1990-06-27,1995-06-26,1
"Quality Management",110858,M,1993,1990-06-27,1995-06-26,1
"Quality Management",110858,M,1994,1990-06-27,1995-06-26,1
"Quality Management",110858,M,1995,1990-06-27,1995-06-26,1
"Quality Management",110858,M,1996,1990-06-27,1995-06-26,0
"Quality Management",110858,M,1997,1990-06-27,1995-06-26,0
"Quality Management",110858,M,1998,1990-06-27,1995-06-26,0
"Quality Management",110858,M,1999,1990-06-27,1995-06-26,0
"Quality Management",110858,M,2000,1990-06-27,1995-06-26,0
"Quality Management",110859,F,1990,1996-12-29,2002-12-28,0
"Quality Management",110859,F,1991,1996-12-29,2002-12-28,0
"Quality Management",110859,F,1992,1996-12-29,2002-12-28,0
"Quality Management",110859,F,1993,1996-12-29,2002-12-28,0
"Quality Management",110859,F,1994,1996-12-29,2002-12-28,0
"Quality Management",110859,F,1995,1996-12-29,2002-12-28,0
"Quality Management",110859,F,1996,1996-12-29,2002-12-28,1
"Quality Management",110859,F,1997,1996-12-29,2002-12-28,1
"Quality Management",110859,F,1998,1996-12-29,2002-12-28,1
"Quality Management",110859,F,1999,1996-12-29,2002-12-28,1
"Quality Management",110859,F,2000,1996-12-29,2002-12-28,1
"Quality Management",110860,F,1990,1993-01-06,1999-01-05,0
"Quality Management",110860,F,1991,1993-01-06,1999-01-05,0
"Quality Management",110860,F,1992,1993-01-06,1999-01-05,0
"Quality Management",110860,F,1993,1993-01-06,1999-01-05,1
"Quality Management",110860,F,1994,1993-01-06,1999-01-05,1
"Quality Management",110860,F,1995,1993-01-06,1999-01-05,1
"Quality Management",110860,F,1996,1993-01-06,1999-01-05,1
"Quality Management",110860,F,1997,1993-01-06,1999-01-05,1
"Quality Management",110860,F,1998,1993-01-06,1999-01-05,1
"Quality Management",110860,F,1999,1993-01-06,1999-01-05,1
"Quality Management",110860,F,2000,1993-01-06,1999-01-05,0
"Quality Management",110861,F,1990,1994-08-10,1999-08-09,0
"Quality Management",110861,F,1991,1994-08-10,1999-08-09,0
"Quality Management",110861,F,1992,1994-08-10,1999-08-09,0
"Quality Management",110861,F,1993,1994-08-10,1999-08-09,0
"Quality Management",110861,F,1994,1994-08-10,1999-08-09,1
"Quality Management",110861,F,1995,1994-08-10,1999-08-09,1
"Quality Management",110861,F,1996,1994-08-10,1999-08-09,1
"Quality Management",110861,F,1997,1994-08-10,1999-08-09,1
"Quality Management",110861,F,1998,1994-08-10,1999-08-09,1
"Quality Management",110861,F,1999,1994-08-10,1999-08-09,1
"Quality Management",110861,F,2000,1994-08-10,1999-08-09,0
"Quality Management",110862,M,1990,1991-06-09,1999-06-07,0
"Quality Management",110862,M,1991,1991-06-09,1999-06-07,1
"Quality Management",110862,M,1992,1991-06-09,1999-06-07,1
"Quality Management",110862,M,1993,1991-06-09,1999-06-07,1
"Quality Management",110862,M,1994,1991-06-09,1999-06-07,1
"Quality Management",110862,M,1995,1991-06-09,1999-06-07,1
"Quality Management",110862,M,1996,1991-06-09,1999-06-07,1
"Quality Management",110862,M,1997,1991-06-09,1999-06-07,1
"Quality Management",110862,M,1998,1991-06-09,1999-06-07,1
"Quality Management",110862,M,1999,1991-06-09,1999-06-07,1
"Quality Management",110862,M,2000,1991-06-09,1999-06-07,0
"Quality Management",110863,M,1990,1995-05-14,2001-05-12,0
"Quality Management",110863,M,1991,1995-05-14,2001-05-12,0
"Quality Management",110863,M,1992,1995-05-14,2001-05-12,0
"Quality Management",110863,M,1993,1995-05-14,2001-05-12,0
"Quality Management",110863,M,1994,1995-05-14,2001-05-12,0
"Quality Management",110863,M,1995,1995-05-14,2001-05-12,1
"Quality Management",110863,M,1996,1995-05-14,2001-05-12,1
"Quality Management",110863,M,1997,1995-05-14,2001-05-12,1
"Quality Management",110863,M,1998,1995-05-14,2001-05-12,1
"Quality Management",110863,M,1999,1995-05-14,2001-05-12,1
"Quality Management",110863,M,2000,1995-05-14,2001-05-12,1
"Quality Management",110864,M,1990,1994-05-12,1999-05-11,0
"Quality Management",110864,M,1991,1994-05-12,1999-05-11,0
"Quality Management",110864,M,1992,1994-05-12,1999-05-11,0
"Quality Management",110864,M,1993,1994-05-12,1999-05-11,0
"Quality Management",110864,M,1994,1994-05-12,1999-05-11,1
"Quality Management",110864,M,1995,1994-05-12,1999-05-11,1
"Quality Management",110864,M,1996,1994-05-12,1999-05-11,1
"Quality Management",110864,M,1997,1994-05-12,1999-05-11,1
"Quality Management",110864,M,1998,1994-05-12,1999-05-11,1
"Quality Management",110864,M,1999,1994-05-12,1999-05-11,1
"Quality Management",110864,M,2000,1994-05-12,1999-05-11,0
"Quality Management",110865,F,1990,1992-03-03,1997-03-02,0
"Quality Management",110865,F,1991,1992-03-03,1997-03-02,0
"Quality Management",110865,F,1992,1992-03-03,1997-03-02,1
"Quality Management",110865,F,1993,1992-03-03,1997-03-02,1
"Quality Management",110865,F,1994,1992-03-03,1997-03-02,1
"Quality Management",110865,F,1995,1992-03-03,1997-03-02,1
"Quality Management",110865,F,1996,1992-03-03,1997-03-02,1
"Quality Management",110865,F,1997,1992-03-03,1997-03-02,1
"Quality Management",110865,F,1998,1992-03-03,1997-03-02,0
"Quality Management",110865,F,1999,1992-03-03,1997-03-02,0
"Quality Management",110865,F,2000,1992-03-03,1997-03-02,0
"Quality Management",110866,M,1990,1990-06-18,1994-12-23,1
"Quality Management",110866,M,1991,1990-06-18,1994-12-23,1
"Quality Management",110866,M,1992,1990-06-18,1994-12-23,1
"Quality Management",110866,M,1993,1990-06-18,1994-12-23,1
"Quality Management",110866,M,1994,1990-06-18,1994-12-23,1
"Quality Management",110866,M,1995,1990-06-18,1994-12-23,0
"Quality Management",110866,M,1996,1990-06-18,1994-12-23,0
"Quality Management",110866,M,1997,1990-06-18,1994-12-23,0
"Quality Management",110866,M,1998,1990-06-18,1994-12-23,0
"Quality Management",110866,M,1999,1990-06-18,1994-12-23,0
"Quality Management",110866,M,2000,1990-06-18,1994-12-23,0
"Quality Management",110867,M,1990,1993-05-17,1998-05-16,0
"Quality Management",110867,M,1991,1993-05-17,1998-05-16,0
"Quality Management",110867,M,1992,1993-05-17,1998-05-16,0
"Quality Management",110867,M,1993,1993-05-17,1998-05-16,1
"Quality Management",110867,M,1994,1993-05-17,1998-05-16,1
"Quality Management",110867,M,1995,1993-05-17,1998-05-16,1
"Quality Management",110867,M,1996,1993-05-17,1998-05-16,1
"Quality Management",110867,M,1997,1993-05-17,1998-05-16,1
"Quality Management",110867,M,1998,1993-05-17,1998-05-16,1
"Quality Management",110867,M,1999,1993-05-17,1998-05-16,0
"Quality Management",110867,M,2000,1993-05-17,1998-05-16,0
"Quality Management",110868,M,1990,1994-12-30,2000-12-28,0
"Quality Management",110868,M,1991,1994-12-30,2000-12-28,0
"Quality Management",110868,M,1992,1994-12-30,2000-12-28,0
"Quality Management",110868,M,1993,1994-12-30,2000-12-28,0
"Quality Management",110868,M,1994,1994-12-30,2000-12-28,1
"Quality Management",110868,M,1995,1994-12-30,2000-12-28,1
"Quality Management",110868,M,1996,1994-12-30,2000-12-28,1
"Quality Management",110868,M,1997,1994-12-30,2000-12-28,1
"Quality Management",110868,M,1998,1994-12-30,2000-12-28,1
"Quality Management",110868,M,1999,1994-12-30,2000-12-28,1
"Quality Management",110868,M,2000,1994-12-30,2000-12-28,1
"Quality Management",110869,M,1990,1998-05-29,2000-11-27,0
"Quality Management",110869,M,1991,1998-05-29,2000-11-27,0
"Quality Management",110869,M,1992,1998-05-29,2000-11-27,0
"Quality Management",110869,M,1993,1998-05-29,2000-11-27,0
"Quality Management",110869,M,1994,1998-05-29,2000-11-27,0
"Quality Management",110869,M,1995,1998-05-29,2000-11-27,0
"Quality Management",110869,M,1996,1998-05-29,2000-11-27,0
"Quality Management",110869,M,1997,1998-05-29,2000-11-27,0
"Quality Management",110869,M,1998,1998-05-29,2000-11-27,1
"Quality Management",110869,M,1999,1998-05-29,2000-11-27,1
"Quality Management",110869,M,2000,1998-05-29,2000-11-27,1
Sales,111035,M,1990,1992-12-30,1998-12-29,0
Sales,111035,M,1991,1992-12-30,1998-12-29,0
Sales,111035,M,1992,1992-12-30,1998-12-29,1
Sales,111035,M,1993,1992-12-30,1998-12-29,1
Sales,111035,M,1994,1992-12-30,1998-12-29,1
Sales,111035,M,1995,1992-12-30,1998-12-29,1
Sales,111035,M,1996,1992-12-30,1998-12-29,1
Sales,111035,M,1997,1992-12-30,1998-12-29,1
Sales,111035,M,1998,1992-12-30,1998-12-29,1
Sales,111035,M,1999,1992-12-30,1998-12-29,0
Sales,111035,M,2000,1992-12-30,1998-12-29,0
Sales,111133,M,1990,1991-12-29,1996-12-27,0
Sales,111133,M,1991,1991-12-29,1996-12-27,1
Sales,111133,M,1992,1991-12-29,1996-12-27,1
Sales,111133,M,1993,1991-12-29,1996-12-27,1
Sales,111133,M,1994,1991-12-29,1996-12-27,1
Sales,111133,M,1995,1991-12-29,1996-12-27,1
Sales,111133,M,1996,1991-12-29,1996-12-27,1
Sales,111133,M,1997,1991-12-29,1996-12-27,0
Sales,111133,M,1998,1991-12-29,1996-12-27,0
Sales,111133,M,1999,1991-12-29,1996-12-27,0
Sales,111133,M,2000,1991-12-29,1996-12-27,0
Sales,111134,M,1990,1992-06-13,1998-06-12,0
Sales,111134,M,1991,1992-06-13,1998-06-12,0
Sales,111134,M,1992,1992-06-13,1998-06-12,1
Sales,111134,M,1993,1992-06-13,1998-06-12,1
Sales,111134,M,1994,1992-06-13,1998-06-12,1
Sales,111134,M,1995,1992-06-13,1998-06-12,1
Sales,111134,M,1996,1992-06-13,1998-06-12,1
Sales,111134,M,1997,1992-06-13,1998-06-12,1
Sales,111134,M,1998,1992-06-13,1998-06-12,1
Sales,111134,M,1999,1992-06-13,1998-06-12,0
Sales,111134,M,2000,1992-06-13,1998-06-12,0
Sales,111135,M,1990,1994-01-14,1999-01-13,0
Sales,111135,M,1991,1994-01-14,1999-01-13,0
Sales,111135,M,1992,1994-01-14,1999-01-13,0
Sales,111135,M,1993,1994-01-14,1999-01-13,0
Sales,111135,M,1994,1994-01-14,1999-01-13,1
Sales,111135,M,1995,1994-01-14,1999-01-13,1
Sales,111135,M,1996,1994-01-14,1999-01-13,1
Sales,111135,M,1997,1994-01-14,1999-01-13,1
Sales,111135,M,1998,1994-01-14,1999-01-13,1
Sales,111135,M,1999,1994-01-14,1999-01-13,1
Sales,111135,M,2000,1994-01-14,1999-01-13,0
Sales,111136,M,1990,1994-06-13,2001-06-11,0
Sales,111136,M,1991,1994-06-13,2001-06-11,0
Sales,111136,M,1992,1994-06-13,2001-06-11,0
Sales,111136,M,1993,1994-06-13,2001-06-11,0
Sales,111136,M,1994,1994-06-13,2001-06-11,1
Sales,111136,M,1995,1994-06-13,2001-06-11,1
Sales,111136,M,1996,1994-06-13,2001-06-11,1
Sales,111136,M,1997,1994-06-13,2001-06-11,1
Sales,111136,M,1998,1994-06-13,2001-06-11,1
Sales,111136,M,1999,1994-06-13,2001-06-11,1
Sales,111136,M,2000,1994-06-13,2001-06-11,1
Sales,111137,M,1990,1993-05-04,1998-05-03,0
Sales,111137,M,1991,1993-05-04,1998-05-03,0
Sales,111137,M,1992,1993-05-04,1998-05-03,0
Sales,111137,M,1993,1993-05-04,1998-05-03,1
Sales,111137,M,1994,1993-05-04,1998-05-03,1
Sales,111137,M,1995,1993-05-04,1998-05-03,1
Sales,111137,M,1996,1993-05-04,1998-05-03,1
Sales,111137,M,1997,1993-05-04,1998-05-03,1
Sales,111137,M,1998,1993-05-04,1998-05-03,1
Sales,111137,M,1999,1993-05-04,1998-05-03,0
Sales,111137,M,2000,1993-05-04,1998-05-03,0
Sales,111138,M,1990,1996-03-26,2001-03-25,0
Sales,111138,M,1991,1996-03-26,2001-03-25,0
Sales,111138,M,1992,1996-03-26,2001-03-25,0
Sales,111138,M,1993,1996-03-26,2001-03-25,0
Sales,111138,M,1994,1996-03-26,2001-03-25,0
Sales,111138,M,1995,1996-03-26,2001-03-25,0
Sales,111138,M,1996,1996-03-26,2001-03-25,1
Sales,111138,M,1997,1996-03-26,2001-03-25,1
Sales,111138,M,1998,1996-03-26,2001-03-25,1
Sales,111138,M,1999,1996-03-26,2001-03-25,1
Sales,111138,M,2000,1996-03-26,2001-03-25,1
Sales,111139,M,1990,1995-07-19,9997-06-15,0
Sales,111139,M,1991,1995-07-19,9997-06-15,0
Sales,111139,M,1992,1995-07-19,9997-06-15,0
Sales,111139,M,1993,1995-07-19,9997-06-15,0
Sales,111139,M,1994,1995-07-19,9997-06-15,0
Sales,111139,M,1995,1995-07-19,9997-06-15,1
Sales,111139,M,1996,1995-07-19,9997-06-15,1
Sales,111139,M,1997,1995-07-19,9997-06-15,1
Sales,111139,M,1998,1995-07-19,9997-06-15,1
Sales,111139,M,1999,1995-07-19,9997-06-15,1
Sales,111139,M,2000,1995-07-19,9997-06-15,1
Sales,111140,F,1990,1997-06-12,2003-06-11,0
Sales,111140,F,1991,1997-06-12,2003-06-11,0
Sales,111140,F,1992,1997-06-12,2003-06-11,0
Sales,111140,F,1993,1997-06-12,2003-06-11,0
Sales,111140,F,1994,1997-06-12,2003-06-11,0
Sales,111140,F,1995,1997-06-12,2003-06-11,0
Sales,111140,F,1996,1997-06-12,2003-06-11,0
Sales,111140,F,1997,1997-06-12,2003-06-11,1
Sales,111140,F,1998,1997-06-12,2003-06-11,1
Sales,111140,F,1999,1997-06-12,2003-06-11,1
Sales,111140,F,2000,1997-06-12,2003-06-11,1
Sales,111141,F,1990,1993-06-20,1999-06-19,0
Sales,111141,F,1991,1993-06-20,1999-06-19,0
Sales,111141,F,1992,1993-06-20,1999-06-19,0
Sales,111141,F,1993,1993-06-20,1999-06-19,1
Sales,111141,F,1994,1993-06-20,1999-06-19,1
Sales,111141,F,1995,1993-06-20,1999-06-19,1
Sales,111141,F,1996,1993-06-20,1999-06-19,1
Sales,111141,F,1997,1993-06-20,1999-06-19,1
Sales,111141,F,1998,1993-06-20,1999-06-19,1
Sales,111141,F,1999,1993-06-20,1999-06-19,1
Sales,111141,F,2000,1993-06-20,1999-06-19,0
Sales,111142,M,1990,1995-01-22,2000-01-21,0
Sales,111142,M,1991,1995-01-22,2000-01-21,0
Sales,111142,M,1992,1995-01-22,2000-01-21,0
Sales,111142,M,1993,1995-01-22,2000-01-21,0
Sales,111142,M,1994,1995-01-22,2000-01-21,0
Sales,111142,M,1995,1995-01-22,2000-01-21,1
Sales,111142,M,1996,1995-01-22,2000-01-21,1
Sales,111142,M,1997,1995-01-22,2000-01-21,1
Sales,111142,M,1998,1995-01-22,2000-01-21,1
Sales,111142,M,1999,1995-01-22,2000-01-21,1
Sales,111142,M,2000,1995-01-22,2000-01-21,1
Sales,111143,F,1990,1991-11-21,1999-11-19,0
Sales,111143,F,1991,1991-11-21,1999-11-19,1
Sales,111143,F,1992,1991-11-21,1999-11-19,1
Sales,111143,F,1993,1991-11-21,1999-11-19,1
Sales,111143,F,1994,1991-11-21,1999-11-19,1
Sales,111143,F,1995,1991-11-21,1999-11-19,1
Sales,111143,F,1996,1991-11-21,1999-11-19,1
Sales,111143,F,1997,1991-11-21,1999-11-19,1
Sales,111143,F,1998,1991-11-21,1999-11-19,1
Sales,111143,F,1999,1991-11-21,1999-11-19,1
Sales,111143,F,2000,1991-11-21,1999-11-19,0
Sales,111144,M,1990,1992-06-13,1999-06-12,0
Sales,111144,M,1991,1992-06-13,1999-06-12,0
Sales,111144,M,1992,1992-06-13,1999-06-12,1
Sales,111144,M,1993,1992-06-13,1999-06-12,1
Sales,111144,M,1994,1992-06-13,1999-06-12,1
Sales,111144,M,1995,1992-06-13,1999-06-12,1
Sales,111144,M,1996,1992-06-13,1999-06-12,1
Sales,111144,M,1997,1992-06-13,1999-06-12,1
Sales,111144,M,1998,1992-06-13,1999-06-12,1
Sales,111144,M,1999,1992-06-13,1999-06-12,1
Sales,111144,M,2000,1992-06-13,1999-06-12,0
Sales,111145,M,1990,1990-01-05,1995-06-13,1
Sales,111145,M,1991,1990-01-05,1995-06-13,1
Sales,111145,M,1992,1990-01-05,1995-06-13,1
Sales,111145,M,1993,1990-01-05,1995-06-13,1
Sales,111145,M,1994,1990-01-05,1995-06-13,1
Sales,111145,M,1995,1990-01-05,1995-06-13,1
Sales,111145,M,1996,1990-01-05,1995-06-13,0
Sales,111145,M,1997,1990-01-05,1995-06-13,0
Sales,111145,M,1998,1990-01-05,1995-06-13,0
Sales,111145,M,1999,1990-01-05,1995-06-13,0
Sales,111145,M,2000,1990-01-05,1995-06-13,0
Sales,111146,M,1990,1991-01-15,1996-01-14,0
Sales,111146,M,1991,1991-01-15,1996-01-14,1
Sales,111146,M,1992,1991-01-15,1996-01-14,1
Sales,111146,M,1993,1991-01-15,1996-01-14,1
Sales,111146,M,1994,1991-01-15,1996-01-14,1
Sales,111146,M,1995,1991-01-15,1996-01-14,1
Sales,111146,M,1996,1991-01-15,1996-01-14,1
Sales,111146,M,1997,1991-01-15,1996-01-14,0
Sales,111146,M,1998,1991-01-15,1996-01-14,0
Sales,111146,M,1999,1991-01-15,1996-01-14,0
Sales,111146,M,2000,1991-01-15,1996-01-14,0
Sales,111147,F,1990,1995-10-06,2001-10-04,0
Sales,111147,F,1991,1995-10-06,2001-10-04,0
Sales,111147,F,1992,1995-10-06,2001-10-04,0
Sales,111147,F,1993,1995-10-06,2001-10-04,0
Sales,111147,F,1994,1995-10-06,2001-10-04,0
Sales,111147,F,1995,1995-10-06,2001-10-04,1
Sales,111147,F,1996,1995-10-06,2001-10-04,1
Sales,111147,F,1997,1995-10-06,2001-10-04,1
Sales,111147,F,1998,1995-10-06,2001-10-04,1
Sales,111147,F,1999,1995-10-06,2001-10-04,1
Sales,111147,F,2000,1995-10-06,2001-10-04,1
Sales,111148,M,1990,1991-10-14,1997-10-12,0
Sales,111148,M,1991,1991-10-14,1997-10-12,1
Sales,111148,M,1992,1991-10-14,1997-10-12,1
Sales,111148,M,1993,1991-10-14,1997-10-12,1
Sales,111148,M,1994,1991-10-14,1997-10-12,1
Sales,111148,M,1995,1991-10-14,1997-10-12,1
Sales,111148,M,1996,1991-10-14,1997-10-12,1
Sales,111148,M,1997,1991-10-14,1997-10-12,1
Sales,111148,M,1998,1991-10-14,1997-10-12,0
Sales,111148,M,1999,1991-10-14,1997-10-12,0
Sales,111148,M,2000,1991-10-14,1997-10-12,0
Sales,111149,M,1990,1999-05-29,2000-05-27,0
Sales,111149,M,1991,1999-05-29,2000-05-27,0
Sales,111149,M,1992,1999-05-29,2000-05-27,0
Sales,111149,M,1993,1999-05-29,2000-05-27,0
Sales,111149,M,1994,1999-05-29,2000-05-27,0
Sales,111149,M,1995,1999-05-29,2000-05-27,0
Sales,111149,M,1996,1999-05-29,2000-05-27,0
Sales,111149,M,1997,1999-05-29,2000-05-27,0
Sales,111149,M,1998,1999-05-29,2000-05-27,0
Sales,111149,M,1999,1999-05-29,2000-05-27,1
Sales,111149,M,2000,1999-05-29,2000-05-27,1
Sales,111150,F,1990,2000-05-29,2005-04-27,0
Sales,111150,F,1991,2000-05-29,2005-04-27,0
Sales,111150,F,1992,2000-05-29,2005-04-27,0
Sales,111150,F,1993,2000-05-29,2005-04-27,0
Sales,111150,F,1994,2000-05-29,2005-04-27,0
Sales,111150,F,1995,2000-05-29,2005-04-27,0
Sales,111150,F,1996,2000-05-29,2005-04-27,0
Sales,111150,F,1997,2000-05-29,2005-04-27,0
Sales,111150,F,1998,2000-05-29,2005-04-27,0
Sales,111150,F,1999,2000-05-29,2005-04-27,0
Sales,111150,F,2000,2000-05-29,2005-04-27,1
Research,111400,M,1990,1990-03-11,1999-12-29,1
Research,111400,M,1991,1990-03-11,1999-12-29,1
Research,111400,M,1992,1990-03-11,1999-12-29,1
Research,111400,M,1993,1990-03-11,1999-12-29,1
Research,111400,M,1994,1990-03-11,1999-12-29,1
Research,111400,M,1995,1990-03-11,1999-12-29,1
Research,111400,M,1996,1990-03-11,1999-12-29,1
Research,111400,M,1997,1990-03-11,1999-12-29,1
Research,111400,M,1998,1990-03-11,1999-12-29,1
Research,111400,M,1999,1990-03-11,1999-12-29,1
Research,111400,M,2000,1990-03-11,1999-12-29,0
Research,111534,F,1990,1991-01-30,1999-01-28,0
Research,111534,F,1991,1991-01-30,1999-01-28,1
Research,111534,F,1992,1991-01-30,1999-01-28,1
Research,111534,F,1993,1991-01-30,1999-01-28,1
Research,111534,F,1994,1991-01-30,1999-01-28,1
Research,111534,F,1995,1991-01-30,1999-01-28,1
Research,111534,F,1996,1991-01-30,1999-01-28,1
Research,111534,F,1997,1991-01-30,1999-01-28,1
Research,111534,F,1998,1991-01-30,1999-01-28,1
Research,111534,F,1999,1991-01-30,1999-01-28,1
Research,111534,F,2000,1991-01-30,1999-01-28,0
Research,111535,F,1990,1996-06-12,1999-06-12,0
Research,111535,F,1991,1996-06-12,1999-06-12,0
Research,111535,F,1992,1996-06-12,1999-06-12,0
Research,111535,F,1993,1996-06-12,1999-06-12,0
Research,111535,F,1994,1996-06-12,1999-06-12,0
Research,111535,F,1995,1996-06-12,1999-06-12,0
Research,111535,F,1996,1996-06-12,1999-06-12,1
Research,111535,F,1997,1996-06-12,1999-06-12,1
Research,111535,F,1998,1996-06-12,1999-06-12,1
Research,111535,F,1999,1996-06-12,1999-06-12,1
Research,111535,F,2000,1996-06-12,1999-06-12,0
Research,111536,M,1990,1997-09-21,9999-06-15,0
Research,111536,M,1991,1997-09-21,9999-06-15,0
Research,111536,M,1992,1997-09-21,9999-06-15,0
Research,111536,M,1993,1997-09-21,9999-06-15,0
Research,111536,M,1994,1997-09-21,9999-06-15,0
Research,111536,M,1995,1997-09-21,9999-06-15,0
Research,111536,M,1996,1997-09-21,9999-06-15,0
Research,111536,M,1997,1997-09-21,9999-06-15,1
Research,111536,M,1998,1997-09-21,9999-06-15,1
Research,111536,M,1999,1997-09-21,9999-06-15,1
Research,111536,M,2000,1997-09-21,9999-06-15,1
Research,111537,M,1990,1992-06-13,1998-06-12,0
Research,111537,M,1991,1992-06-13,1998-06-12,0
Research,111537,M,1992,1992-06-13,1998-06-12,1
Research,111537,M,1993,1992-06-13,1998-06-12,1
Research,111537,M,1994,1992-06-13,1998-06-12,1
Research,111537,M,1995,1992-06-13,1998-06-12,1
Research,111537,M,1996,1992-06-13,1998-06-12,1
Research,111537,M,1997,1992-06-13,1998-06-12,1
Research,111537,M,1998,1992-06-13,1998-06-12,1
Research,111537,M,1999,1992-06-13,1998-06-12,0
Research,111537,M,2000,1992-06-13,1998-06-12,0
Research,111538,M,1990,1994-01-14,1999-01-13,0
Research,111538,M,1991,1994-01-14,1999-01-13,0
Research,111538,M,1992,1994-01-14,1999-01-13,0
Research,111538,M,1993,1994-01-14,1999-01-13,0
Research,111538,M,1994,1994-01-14,1999-01-13,1
Research,111538,M,1995,1994-01-14,1999-01-13,1
Research,111538,M,1996,1994-01-14,1999-01-13,1
Research,111538,M,1997,1994-01-14,1999-01-13,1
Research,111538,M,1998,1994-01-14,1999-01-13,1
Research,111538,M,1999,1994-01-14,1999-01-13,1
Research,111538,M,2000,1994-01-14,1999-01-13,0
Research,111539,F,1990,1994-06-13,2001-06-11,0
Research,111539,F,1991,1994-06-13,2001-06-11,0
Research,111539,F,1992,1994-06-13,2001-06-11,0
Research,111539,F,1993,1994-06-13,2001-06-11,0
Research,111539,F,1994,1994-06-13,2001-06-11,1
Research,111539,F,1995,1994-06-13,2001-06-11,1
Research,111539,F,1996,1994-06-13,2001-06-11,1
Research,111539,F,1997,1994-06-13,2001-06-11,1
Research,111539,F,1998,1994-06-13,2001-06-11,1
Research,111539,F,1999,1994-06-13,2001-06-11,1
Research,111539,F,2000,1994-06-13,2001-06-11,1
Research,111540,F,1990,1993-05-04,1998-05-03,0
Research,111540,F,1991,1993-05-04,1998-05-03,0
Research,111540,F,1992,1993-05-04,1998-05-03,0
Research,111540,F,1993,1993-05-04,1998-05-03,1
Research,111540,F,1994,1993-05-04,1998-05-03,1
Research,111540,F,1995,1993-05-04,1998-05-03,1
Research,111540,F,1996,1993-05-04,1998-05-03,1
Research,111540,F,1997,1993-05-04,1998-05-03,1
Research,111540,F,1998,1993-05-04,1998-05-03,1
Research,111540,F,1999,1993-05-04,1998-05-03,0
Research,111540,F,2000,1993-05-04,1998-05-03,0
Research,111541,M,1990,1996-03-26,2001-03-25,0
Research,111541,M,1991,1996-03-26,2001-03-25,0
Research,111541,M,1992,1996-03-26,2001-03-25,0
Research,111541,M,1993,1996-03-26,2001-03-25,0
Research,111541,M,1994,1996-03-26,2001-03-25,0
Research,111541,M,1995,1996-03-26,2001-03-25,0
Research,111541,M,1996,1996-03-26,2001-03-25,1
Research,111541,M,1997,1996-03-26,2001-03-25,1
Research,111541,M,1998,1996-03-26,2001-03-25,1
Research,111541,M,1999,1996-03-26,2001-03-25,1
Research,111541,M,2000,1996-03-26,2001-03-25,1
Research,111542,M,1990,1995-07-19,9999-06-15,0
Research,111542,M,1991,1995-07-19,9999-06-15,0
Research,111542,M,1992,1995-07-19,9999-06-15,0
Research,111542,M,1993,1995-07-19,9999-06-15,0
Research,111542,M,1994,1995-07-19,9999-06-15,0
Research,111542,M,1995,1995-07-19,9999-06-15,1
Research,111542,M,1996,1995-07-19,9999-06-15,1
Research,111542,M,1997,1995-07-19,9999-06-15,1
Research,111542,M,1998,1995-07-19,9999-06-15,1
Research,111542,M,1999,1995-07-19,9999-06-15,1
Research,111542,M,2000,1995-07-19,9999-06-15,1
Research,111543,M,1990,1997-06-12,2003-06-11,0
Research,111543,M,1991,1997-06-12,2003-06-11,0
Research,111543,M,1992,1997-06-12,2003-06-11,0
Research,111543,M,1993,1997-06-12,2003-06-11,0
Research,111543,M,1994,1997-06-12,2003-06-11,0
Research,111543,M,1995,1997-06-12,2003-06-11,0
Research,111543,M,1996,1997-06-12,2003-06-11,0
Research,111543,M,1997,1997-06-12,2003-06-11,1
Research,111543,M,1998,1997-06-12,2003-06-11,1
Research,111543,M,1999,1997-06-12,2003-06-11,1
Research,111543,M,2000,1997-06-12,2003-06-11,1
Research,111544,M,1990,1993-06-20,1999-06-19,0
Research,111544,M,1991,1993-06-20,1999-06-19,0
Research,111544,M,1992,1993-06-20,1999-06-19,0
Research,111544,M,1993,1993-06-20,1999-06-19,1
Research,111544,M,1994,1993-06-20,1999-06-19,1
Research,111544,M,1995,1993-06-20,1999-06-19,1
Research,111544,M,1996,1993-06-20,1999-06-19,1
Research,111544,M,1997,1993-06-20,1999-06-19,1
Research,111544,M,1998,1993-06-20,1999-06-19,1
Research,111544,M,1999,1993-06-20,1999-06-19,1
Research,111544,M,2000,1993-06-20,1999-06-19,0
Research,111545,F,1990,1999-05-29,9999-01-01,0
Research,111545,F,1991,1999-05-29,9999-01-01,0
Research,111545,F,1992,1999-05-29,9999-01-01,0
Research,111545,F,1993,1999-05-29,9999-01-01,0
Research,111545,F,1994,1999-05-29,9999-01-01,0
Research,111545,F,1995,1999-05-29,9999-01-01,0
Research,111545,F,1996,1999-05-29,9999-01-01,0
Research,111545,F,1997,1999-05-29,9999-01-01,0
Research,111545,F,1998,1999-05-29,9999-01-01,0
Research,111545,F,1999,1999-05-29,9999-01-01,1
Research,111545,F,2000,1999-05-29,9999-01-01,1
"Customer Service",111692,F,1990,1991-05-20,2001-12-28,0
"Customer Service",111692,F,1991,1991-05-20,2001-12-28,1
"Customer Service",111692,F,1992,1991-05-20,2001-12-28,1
"Customer Service",111692,F,1993,1991-05-20,2001-12-28,1
"Customer Service",111692,F,1994,1991-05-20,2001-12-28,1
"Customer Service",111692,F,1995,1991-05-20,2001-12-28,1
"Customer Service",111692,F,1996,1991-05-20,2001-12-28,1
"Customer Service",111692,F,1997,1991-05-20,2001-12-28,1
"Customer Service",111692,F,1998,1991-05-20,2001-12-28,1
"Customer Service",111692,F,1999,1991-05-20,2001-12-28,1
"Customer Service",111692,F,2000,1991-05-20,2001-12-28,1
"Customer Service",111784,F,1990,1993-02-10,1997-02-09,0
"Customer Service",111784,F,1991,1993-02-10,1997-02-09,0
"Customer Service",111784,F,1992,1993-02-10,1997-02-09,0
"Customer Service",111784,F,1993,1993-02-10,1997-02-09,1
"Customer Service",111784,F,1994,1993-02-10,1997-02-09,1
"Customer Service",111784,F,1995,1993-02-10,1997-02-09,1
"Customer Service",111784,F,1996,1993-02-10,1997-02-09,1
"Customer Service",111784,F,1997,1993-02-10,1997-02-09,1
"Customer Service",111784,F,1998,1993-02-10,1997-02-09,0
"Customer Service",111784,F,1999,1993-02-10,1997-02-09,0
"Customer Service",111784,F,2000,1993-02-10,1997-02-09,0
"Customer Service",111877,F,1990,1995-08-16,1999-08-15,0
"Customer Service",111877,F,1991,1995-08-16,1999-08-15,0
"Customer Service",111877,F,1992,1995-08-16,1999-08-15,0
"Customer Service",111877,F,1993,1995-08-16,1999-08-15,0
"Customer Service",111877,F,1994,1995-08-16,1999-08-15,0
"Customer Service",111877,F,1995,1995-08-16,1999-08-15,1
"Customer Service",111877,F,1996,1995-08-16,1999-08-15,1
"Customer Service",111877,F,1997,1995-08-16,1999-08-15,1
"Customer Service",111877,F,1998,1995-08-16,1999-08-15,1
"Customer Service",111877,F,1999,1995-08-16,1999-08-15,1
"Customer Service",111877,F,2000,1995-08-16,1999-08-15,0
"Customer Service",111939,M,1990,1997-07-08,9999-01-01,0
"Customer Service",111939,M,1991,1997-07-08,9999-01-01,0
"Customer Service",111939,M,1992,1997-07-08,9999-01-01,0
"Customer Service",111939,M,1993,1997-07-08,9999-01-01,0
"Customer Service",111939,M,1994,1997-07-08,9999-01-01,0
"Customer Service",111939,M,1995,1997-07-08,9999-01-01,0
"Customer Service",111939,M,1996,1997-07-08,9999-01-01,0
"Customer Service",111939,M,1997,1997-07-08,9999-01-01,1
"Customer Service",111939,M,1998,1997-07-08,9999-01-01,1
"Customer Service",111939,M,1999,1997-07-08,9999-01-01,1
"Customer Service",111939,M,2000,1997-07-08,9999-01-01,1
"Customer Service",111940,M,1990,1996-09-20,2002-09-19,0
"Customer Service",111940,M,1991,1996-09-20,2002-09-19,0
"Customer Service",111940,M,1992,1996-09-20,2002-09-19,0
"Customer Service",111940,M,1993,1996-09-20,2002-09-19,0
"Customer Service",111940,M,1994,1996-09-20,2002-09-19,0
"Customer Service",111940,M,1995,1996-09-20,2002-09-19,0
"Customer Service",111940,M,1996,1996-09-20,2002-09-19,1
"Customer Service",111940,M,1997,1996-09-20,2002-09-19,1
"Customer Service",111940,M,1998,1996-09-20,2002-09-19,1
"Customer Service",111940,M,1999,1996-09-20,2002-09-19,1
"Customer Service",111940,M,2000,1996-09-20,2002-09-19,1
"Customer Service",111941,M,1990,1992-09-28,1998-09-27,0
"Customer Service",111941,M,1991,1992-09-28,1998-09-27,0
"Customer Service",111941,M,1992,1992-09-28,1998-09-27,1
"Customer Service",111941,M,1993,1992-09-28,1998-09-27,1
"Customer Service",111941,M,1994,1992-09-28,1998-09-27,1
"Customer Service",111941,M,1995,1992-09-28,1998-09-27,1
"Customer Service",111941,M,1996,1992-09-28,1998-09-27,1
"Customer Service",111941,M,1997,1992-09-28,1998-09-27,1
"Customer Service",111941,M,1998,1992-09-28,1998-09-27,1
"Customer Service",111941,M,1999,1992-09-28,1998-09-27,0
"Customer Service",111941,M,2000,1992-09-28,1998-09-27,0
"Customer Service",111942,F,1990,1994-05-02,1999-05-01,0
"Customer Service",111942,F,1991,1994-05-02,1999-05-01,0
"Customer Service",111942,F,1992,1994-05-02,1999-05-01,0
"Customer Service",111942,F,1993,1994-05-02,1999-05-01,0
"Customer Service",111942,F,1994,1994-05-02,1999-05-01,1
"Customer Service",111942,F,1995,1994-05-02,1999-05-01,1
"Customer Service",111942,F,1996,1994-05-02,1999-05-01,1
"Customer Service",111942,F,1997,1994-05-02,1999-05-01,1
"Customer Service",111942,F,1998,1994-05-02,1999-05-01,1
"Customer Service",111942,F,1999,1994-05-02,1999-05-01,1
"Customer Service",111942,F,2000,1994-05-02,1999-05-01,0
"Customer Service",111943,M,1990,1991-03-01,1999-02-27,0
"Customer Service",111943,M,1991,1991-03-01,1999-02-27,1
"Customer Service",111943,M,1992,1991-03-01,1999-02-27,1
"Customer Service",111943,M,1993,1991-03-01,1999-02-27,1
"Customer Service",111943,M,1994,1991-03-01,1999-02-27,1
"Customer Service",111943,M,1995,1991-03-01,1999-02-27,1
"Customer Service",111943,M,1996,1991-03-01,1999-02-27,1
"Customer Service",111943,M,1997,1991-03-01,1999-02-27,1
"Customer Service",111943,M,1998,1991-03-01,1999-02-27,1
"Customer Service",111943,M,1999,1991-03-01,1999-02-27,1
"Customer Service",111943,M,2000,1991-03-01,1999-02-27,0
"Customer Service",111944,F,1990,1995-02-03,2001-02-01,0
"Customer Service",111944,F,1991,1995-02-03,2001-02-01,0
"Customer Service",111944,F,1992,1995-02-03,2001-02-01,0
"Customer Service",111944,F,1993,1995-02-03,2001-02-01,0
"Customer Service",111944,F,1994,1995-02-03,2001-02-01,0
"Customer Service",111944,F,1995,1995-02-03,2001-02-01,1
"Customer Service",111944,F,1996,1995-02-03,2001-02-01,1
"Customer Service",111944,F,1997,1995-02-03,2001-02-01,1
"Customer Service",111944,F,1998,1995-02-03,2001-02-01,1
"Customer Service",111944,F,1999,1995-02-03,2001-02-01,1
"Customer Service",111944,F,2000,1995-02-03,2001-02-01,1
"Customer Service",111945,F,1990,1994-02-01,1999-01-31,0
"Customer Service",111945,F,1991,1994-02-01,1999-01-31,0
"Customer Service",111945,F,1992,1994-02-01,1999-01-31,0
"Customer Service",111945,F,1993,1994-02-01,1999-01-31,0
"Customer Service",111945,F,1994,1994-02-01,1999-01-31,1
"Customer Service",111945,F,1995,1994-02-01,1999-01-31,1
"Customer Service",111945,F,1996,1994-02-01,1999-01-31,1
"Customer Service",111945,F,1997,1994-02-01,1999-01-31,1
"Customer Service",111945,F,1998,1994-02-01,1999-01-31,1
"Customer Service",111945,F,1999,1994-02-01,1999-01-31,1
"Customer Service",111945,F,2000,1994-02-01,1999-01-31,0
"Customer Service",111946,M,1990,1995-02-01,2000-01-31,0
"Customer Service",111946,M,1991,1995-02-01,2000-01-31,0
"Customer Service",111946,M,1992,1995-02-01,2000-01-31,0
"Customer Service",111946,M,1993,1995-02-01,2000-01-31,0
"Customer Service",111946,M,1994,1995-02-01,2000-01-31,0
"Customer Service",111946,M,1995,1995-02-01,2000-01-31,1
"Customer Service",111946,M,1996,1995-02-01,2000-01-31,1
"Customer Service",111946,M,1997,1995-02-01,2000-01-31,1
"Customer Service",111946,M,1998,1995-02-01,2000-01-31,1
"Customer Service",111946,M,1999,1995-02-01,2000-01-31,1
"Customer Service",111946,M,2000,1995-02-01,2000-01-31,1
"Customer Service",111947,M,1990,1996-02-01,2001-01-30,0
"Customer Service",111947,M,1991,1996-02-01,2001-01-30,0
"Customer Service",111947,M,1992,1996-02-01,2001-01-30,0
"Customer Service",111947,M,1993,1996-02-01,2001-01-30,0
"Customer Service",111947,M,1994,1996-02-01,2001-01-30,0
"Customer Service",111947,M,1995,1996-02-01,2001-01-30,0
"Customer Service",111947,M,1996,1996-02-01,2001-01-30,1
"Customer Service",111947,M,1997,1996-02-01,2001-01-30,1
"Customer Service",111947,M,1998,1996-02-01,2001-01-30,1
"Customer Service",111947,M,1999,1996-02-01,2001-01-30,1
"Customer Service",111947,M,2000,1996-02-01,2001-01-30,1
"Customer Service",111948,F,1990,1997-01-31,2002-01-30,0
"Customer Service",111948,F,1991,1997-01-31,2002-01-30,0
"Customer Service",111948,F,1992,1997-01-31,2002-01-30,0
"Customer Service",111948,F,1993,1997-01-31,2002-01-30,0
"Customer Service",111948,F,1994,1997-01-31,2002-01-30,0
"Customer Service",111948,F,1995,1997-01-31,2002-01-30,0
"Customer Service",111948,F,1996,1997-01-31,2002-01-30,0
"Customer Service",111948,F,1997,1997-01-31,2002-01-30,1
"Customer Service",111948,F,1998,1997-01-31,2002-01-30,1
"Customer Service",111948,F,1999,1997-01-31,2002-01-30,1
"Customer Service",111948,F,2000,1997-01-31,2002-01-30,1
"Customer Service",111949,M,1990,1992-01-22,1998-01-20,0
"Customer Service",111949,M,1991,1992-01-22,1998-01-20,0
"Customer Service",111949,M,1992,1992-01-22,1998-01-20,1
"Customer Service",111949,M,1993,1992-01-22,1998-01-20,1
"Customer Service",111949,M,1994,1992-01-22,1998-01-20,1
"Customer Service",111949,M,1995,1992-01-22,1998-01-20,1
"Customer Service",111949,M,1996,1992-01-22,1998-01-20,1
"Customer Service",111949,M,1997,1992-01-22,1998-01-20,1
"Customer Service",111949,M,1998,1992-01-22,1998-01-20,1
"Customer Service",111949,M,1999,1992-01-22,1998-01-20,0
"Customer Service",111949,M,2000,1992-01-22,1998-01-20,0
"Customer Service",111950,F,1990,1993-08-25,1998-08-24,0
"Customer Service",111950,F,1991,1993-08-25,1998-08-24,0
"Customer Service",111950,F,1992,1993-08-25,1998-08-24,0
"Customer Service",111950,F,1993,1993-08-25,1998-08-24,1
"Customer Service",111950,F,1994,1993-08-25,1998-08-24,1
"Customer Service",111950,F,1995,1993-08-25,1998-08-24,1
"Customer Service",111950,F,1996,1993-08-25,1998-08-24,1
"Customer Service",111950,F,1997,1993-08-25,1998-08-24,1
"Customer Service",111950,F,1998,1993-08-25,1998-08-24,1
"Customer Service",111950,F,1999,1993-08-25,1998-08-24,0
"Customer Service",111950,F,2000,1993-08-25,1998-08-24,0
"Customer Service",111951,F,1990,1990-06-24,1998-06-22,1
"Customer Service",111951,F,1991,1990-06-24,1998-06-22,1
"Customer Service",111951,F,1992,1990-06-24,1998-06-22,1
"Customer Service",111951,F,1993,1990-06-24,1998-06-22,1
"Customer Service",111951,F,1994,1990-06-24,1998-06-22,1
"Customer Service",111951,F,1995,1990-06-24,1998-06-22,1
"Customer Service",111951,F,1996,1990-06-24,1998-06-22,1
"Customer Service",111951,F,1997,1990-06-24,1998-06-22,1
"Customer Service",111951,F,1998,1990-06-24,1998-06-22,1
"Customer Service",111951,F,1999,1990-06-24,1998-06-22,0
"Customer Service",111951,F,2000,1990-06-24,1998-06-22,0
"Customer Service",111952,M,1990,1994-05-29,2000-05-27,0
"Customer Service",111952,M,1991,1994-05-29,2000-05-27,0
"Customer Service",111952,M,1992,1994-05-29,2000-05-27,0
"Customer Service",111952,M,1993,1994-05-29,2000-05-27,0
"Customer Service",111952,M,1994,1994-05-29,2000-05-27,1
"Customer Service",111952,M,1995,1994-05-29,2000-05-27,1
"Customer Service",111952,M,1996,1994-05-29,2000-05-27,1
"Customer Service",111952,M,1997,1994-05-29,2000-05-27,1
"Customer Service",111952,M,1998,1994-05-29,2000-05-27,1
"Customer Service",111952,M,1999,1994-05-29,2000-05-27,1
"Customer Service",111952,M,2000,1994-05-29,2000-05-27,1
"Customer Service",112000,M,1990,1998-05-29,2000-06-23,0
"Customer Service",112000,M,1991,1998-05-29,2000-06-23,0
"Customer Service",112000,M,1992,1998-05-29,2000-06-23,0
"Customer Service",112000,M,1993,1998-05-29,2000-06-23,0
"Customer Service",112000,M,1994,1998-05-29,2000-06-23,0
"Customer Service",112000,M,1995,1998-05-29,2000-06-23,0
"Customer Service",112000,M,1996,1998-05-29,2000-06-23,0
"Customer Service",112000,M,1997,1998-05-29,2000-06-23,0
"Customer Service",112000,M,1998,1998-05-29,2000-06-23,1
"Customer Service",112000,M,1999,1998-05-29,2000-06-23,1
"Customer Service",112000,M,2000,1998-05-29,2000-06-23,1
"Customer Service",112001,F,1990,1999-05-29,2000-06-27,0
"Customer Service",112001,F,1991,1999-05-29,2000-06-27,0
"Customer Service",112001,F,1992,1999-05-29,2000-06-27,0
"Customer Service",112001,F,1993,1999-05-29,2000-06-27,0
"Customer Service",112001,F,1994,1999-05-29,2000-06-27,0
"Customer Service",112001,F,1995,1999-05-29,2000-06-27,0
"Customer Service",112001,F,1996,1999-05-29,2000-06-27,0
"Customer Service",112001,F,1997,1999-05-29,2000-06-27,0
"Customer Service",112001,F,1998,1999-05-29,2000-06-27,0
"Customer Service",112001,F,1999,1999-05-29,2000-06-27,1
"Customer Service",112001,F,2000,1999-05-29,2000-06-27,1
"Customer Service",112002,F,1990,1999-05-29,2002-01-22,0
"Customer Service",112002,F,1991,1999-05-29,2002-01-22,0
"Customer Service",112002,F,1992,1999-05-29,2002-01-22,0
"Customer Service",112002,F,1993,1999-05-29,2002-01-22,0
"Customer Service",112002,F,1994,1999-05-29,2002-01-22,0
"Customer Service",112002,F,1995,1999-05-29,2002-01-22,0
"Customer Service",112002,F,1996,1999-05-29,2002-01-22,0
"Customer Service",112002,F,1997,1999-05-29,2002-01-22,0
"Customer Service",112002,F,1998,1999-05-29,2002-01-22,0
"Customer Service",112002,F,1999,1999-05-29,2002-01-22,1
"Customer Service",112002,F,2000,1999-05-29,2002-01-22,1
"Customer Service",112003,F,1990,2000-05-29,2008-10-14,0
"Customer Service",112003,F,1991,2000-05-29,2008-10-14,0
"Customer Service",112003,F,1992,2000-05-29,2008-10-14,0
"Customer Service",112003,F,1993,2000-05-29,2008-10-14,0
"Customer Service",112003,F,1994,2000-05-29,2008-10-14,0
"Customer Service",112003,F,1995,2000-05-29,2008-10-14,0
"Customer Service",112003,F,1996,2000-05-29,2008-10-14,0
"Customer Service",112003,F,1997,2000-05-29,2008-10-14,0
"Customer Service",112003,F,1998,2000-05-29,2008-10-14,0
"Customer Service",112003,F,1999,2000-05-29,2008-10-14,0
"Customer Service",112003,F,2000,2000-05-29,2008-10-14,1
"Customer Service",112004,M,1990,2000-05-29,2009-01-15,0
"Customer Service",112004,M,1991,2000-05-29,2009-01-15,0
"Customer Service",112004,M,1992,2000-05-29,2009-01-15,0
"Customer Service",112004,M,1993,2000-05-29,2009-01-15,0
"Customer Service",112004,M,1994,2000-05-29,2009-01-15,0
"Customer Service",112004,M,1995,2000-05-29,2009-01-15,0
"Customer Service",112004,M,1996,2000-05-29,2009-01-15,0
"Customer Service",112004,M,1997,2000-05-29,2009-01-15,0
"Customer Service",112004,M,1998,2000-05-29,2009-01-15,0
"Customer Service",112004,M,1999,2000-05-29,2009-01-15,0
"Customer Service",112004,M,2000,2000-05-29,2009-01-15,1
